S,K,sigma,T,r,price,vega,theta,rho
100.0,100.0,0.05,0.05,0.0,0.4460287059708108,8.92048119715622,-4.46024059857811,2.48884928235073
100.0,100.0,0.05,0.05,0.02,0.4975628280179407,8.880429216313606,-5.505974648145465,2.6644000999716515
100.0,100.0,0.05,0.05,0.04,0.5525934916867783,8.770114752888595,-6.655672915487152,2.838269423803567
100.0,100.0,0.05,0.05,0.06,0.6110731836102659,8.592157692484424,-7.90697229436245,3.0090778734335313
100.0,100.0,0.05,0.05,0.08,0.6729274465790951,8.350737772990986,-9.256193904577977,3.1755156363015513
100.0,100.0,0.05,0.05,0.1,0.738056572129878,8.051431413835024,-10.69845978985169,3.3363720414670883
100.0,100.0,0.05,0.26666666666666666,0.0,1.0300359265399663,20.599574071869167,-1.9312100692377352,13.195995209794672
100.0,100.0,0.05,0.26666666666666666,0.02,1.315090082976866,20.11106979346542,-3.0328263096859844,15.29884688731468
100.0,100.0,0.05,0.26666666666666666,0.04,1.641272324477356,18.81404626824527,-4.357991303081398,17.294496436222694
100.0,100.0,0.05,0.26666666666666666,0.06,2.005631692804826,16.865504792947117,-5.87979358529782,19.105122270929016
100.0,100.0,0.05,0.26666666666666666,0.08,2.403858489899477,14.48727096592482,-7.56032431101643,20.673808859869922
100.0,100.0,0.05,0.26666666666666666,0.1,2.8307560784088253,11.924602856626175,-9.356370804473382,21.96917143110581
100.0,100.0,0.05,0.48333333333333334,0.0,1.386697009065557,27.731147640092413,-1.4343697055220215,23.83154822280916
100.0,100.0,0.05,0.48333333333333334,0.02,1.9140456083245283,26.550703512927363,-2.567395906544659,28.85702168367005
100.0,100.0,0.05,0.48333333333333334,0.04,2.537885767415304,23.528746094447932,-3.9829547630311932,33.42190374426363
100.0,100.0,0.05,0.48333333333333334,0.06,3.2458627271416844,19.299057200428805,-5.6202446800916155,37.23291942278157
100.0,100.0,0.05,0.48333333333333334,0.08,4.021145912229983,14.651698173115708,-7.401803847435381,40.140575899156765
100.0,100.0,0.05,0.48333333333333334,0.1,4.845434527061542,10.295664781820998,-9.252075149477546,42.14444702701957
100.0,100.0,0.05,0.7000000000000001,0.0,1.6687736122347516,33.3706052722434,-1.1918073311515502,34.41592923571783
100.0,100.0,0.05,0.7000000000000001,0.02,2.4442262669085224,31.333112033429124,-2.3480004494025657,43.0136256873034
100.0,100.0,0.05,0.7000000000000001,0.04,3.3817103675488056,26.30280087901021,-3.8240364720268865,50.48138771108913
100.0,100.0,0.05,0.7000000000000001,0.06,4.451679009976544,19.74056056096311,-5.521700234811565,56.19460250573363
100.0,100.0,0.05,0.7000000000000001,0.08,5.616549466764212,13.245732575910813,-7.327876993300345,59.97963226140588
100.0,100.0,0.05,0.7000000000000001,0.1,6.839417297210105,7.946053821790672,-9.14874419994716,62.05469594418245
100.0,100.0,0.05,0.9166666666666667,0.0,1.9096084256091572,38.184875426029045,-1.0414056934371558,44.958096138262476
100.0,100.0,0.05,0.9166666666666667,0.02,2.937641689426144,35.161070045424765,-2.2161087936740365,57.62031548661239
100.0,100.0,0.05,0.9166666666666667,0.04,4.199863845437548,27.959941897027292,-3.7353505316882263,68.12681933221313
100.0,100.0,0.05,0.9166666666666667,0.06,5.6412978360970385,19.200561165093987,-5.462603750718373,75.45621237274153
100.0,100.0,0.05,0.9166666666666667,0.08,7.196586219960082,11.38662596741102,-7.2558129395882505,79.58120265129944
100.0,100.0,0.05,0.9166666666666667,0.1,8.807695893546764,5.831491731753147,-9.015636457775182,81.1854612633342
100.0,100.0,0.05,1.1333333333333335,0.0,2.12328177902166,42.455609918957876,-0.9365208070358354,55.4634736585544
100.0,100.0,0.05,1.1333333333333335,0.02,3.4075481978964604,38.338670390945246,-2.126608042314275,72.58445107579402
100.0,100.0,0.05,1.1333333333333335,0.04,5.002530927623184,28.87931873564526,-3.6773585166859712,86.14225042965758
100.0,100.0,0.05,1.1333333333333335,0.06,6.81956524562699,18.146161624353056,-5.414522956430471,94.71342183353958
100.0,100.0,0.05,1.1333333333333335,0.08,8.760042863404479,9.511095434742137,-7.1744394546158174,98.66567495036719
100.0,100.0,0.05,1.1333333333333335,0.1,10.744697504144526,4.158380619220374,-8.861753870203469,99.39361537416758
100.0,100.0,0.05,1.35,0.0,2.3173193345261467,46.333353235635876,-0.8580250599191829,65.93580944919485
100.0,100.0,0.05,1.35,0.02,3.8608917700762078,41.032403097131926,-2.0611978455832736,87.84035070545606
100.0,100.0,0.05,1.35,0.04,5.794487614802264,29.278752256911694,-3.6348621132703927,104.37737616230595
100.0,100.0,0.05,1.35,0.06,7.987730178866116,16.833350610997822,-5.368535868353292,113.77816095003334
100.0,100.0,0.05,1.35,0.08,10.304848828919802,7.797959321435023,-7.083957570044509,117.10492170655264
100.0,100.0,0.05,1.35,0.1,12.646943193924997,2.91060823267721,-8.696051933945732,116.66904905009807
100.0,100.0,0.05,1.5666666666666667,0.0,2.496304168498007,49.90979017842767,-0.7964328219961863,76.37789506800989
100.0,100.0,0.05,1.5666666666666667,0.02,4.301816620674543,43.346119319037676,-2.0109018802057097,103.3379981339835
100.0,100.0,0.05,1.5666666666666667,0.04,6.578242864299099,29.298915825840503,-3.6008464709726553,122.7213310552787
100.0,100.0,0.05,1.5666666666666667,0.06,9.145856977415619,15.413090479345191,-5.32158912766574,132.5304839671005
100.0,100.0,0.05,1.5666666666666667,0.08,11.829256911348054,6.310514304389346,-6.986535229483583,134.84761252393182
100.0,100.0,0.05,1.5666666666666667,0.1,14.512572962213099,2.0108359131505633,-8.524546271054959,133.0485159349067
100.0,100.0,0.05,1.7833333333333334,0.0,2.6632728607811416,53.24567055946922,-0.7464346340112507,86.79191503247014
100.0,100.0,0.05,1.7833333333333334,0.02,4.733010864072057,45.350286643540244,-1.9707518441457457,119.03751446523705
100.0,100.0,0.05,1.7833333333333334,0.04,7.355201634461864,29.037356723718265,-3.5716885912733205,141.0894350752783
100.0,100.0,0.05,1.7833333333333334,0.06,10.293612328022576,13.97704718271216,-5.272731211945315,150.8935191400224
100.0,100.0,0.05,1.7833333333333334,0.08,13.332003067746697,5.057723582739075,-6.884330019273427,151.88265139336417
100.0,100.0,0.05,1.7833333333333334,0.1,16.340767757443956,1.3758657425138607,-8.350978122220662,148.58181007730667
100.0,100.0,0.05,2.0,0.0,2.8203603304328055,56.38370752283637,-0.7047963440354545,97.1796396695672
100.0,100.0,0.05,2.0,0.02,5.156323313961266,47.09563130275087,-1.937756089204562,134.90606979201763
100.0,100.0,0.05,2.0,0.04,8.126177935207295,28.564944323640436,-3.545372760368105,159.41554781612996
100.0,100.0,0.05,2.0,0.06,11.430558679289305,12.580905689332717,-5.221826895503736,168.81885247956924
100.0,100.0,0.05,2.0,0.08,14.81224845814566,4.023612951125565,-6.779090218197352,168.21987640770703
100.0,100.0,0.05,2.0,0.1,18.131347085462835,0.934428882723812,-8.177614882876762,163.3186904368543
100.0,100.0,0.07894736842105263,0.05,0.0,0.7042503749968176,8.920273091058553,-7.042320861362016,2.4823937406250796
100.0,100.0,0.07894736842105263,0.05,0.02,0.7550024687207468,8.90152061060654,-8.064619328275901,2.5927576418610587
100.0,100.0,0.07894736842105263,0.05,0.04,0.8079571598194164,8.854349293870058,-9.152350607281909,2.702593561204302
100.0,100.0,0.07894736842105263,0.05,0.06,0.863100311653163,8.779211188133752,-10.304809976165423,2.811544812505998
100.0,100.0,0.07894736842105263,0.05,0.08,0.9204107259349712,8.676823023893524,-11.520943399616844,2.9192624748130647
100.0,100.0,0.07894736842105263,0.05,0.1,0.9798603310347218,8.548154832563846,-12.79936062447521,3.0254086678045082
100.0,100.0,0.07894736842105263,0.26666666666666666,0.0,1.6263050669447168,20.597011172582683,-3.0488996801520423,13.116492657740705
100.0,100.0,0.07894736842105263,0.26666666666666666,0.02,1.9017942359376718,20.367128900467513,-4.097021079543937,14.428667002645552
100.0,100.0,0.07894736842105263,0.26666666666666666,0.04,2.2032246198321133,19.798070730074585,-5.28665882248091,15.70682235045702
100.0,100.0,0.07894736842105263,0.26666666666666666,0.06,2.5296944400247696,18.918355537549118,-6.609475421325124,16.92915977913929
100.0,100.0,0.07894736842105263,0.26666666666666666,0.08,2.879889753272437,17.770978712077888,-8.053499313655557,18.076422689778337
100.0,100.0,0.07894736842105263,0.26666666666666666,0.1,3.2521441955277623,16.40993127831821,-9.603881614815151,19.132746520872686
100.0,100.0,0.07894736842105263,0.48333333333333334,0.0,2.1893570199389814,27.724894513712908,-2.264283580974738,23.637572053514745
100.0,100.0,0.07894736842105263,0.48333333333333334,0.02,2.6935277560564543,27.166586089153995,-3.3261233420322593,26.76305208104585
100.0,100.0,0.07894736842105263,0.48333333333333334,0.04,3.2588902896299246,25.806477938746177,-4.568898417762979,29.740603529469816
100.0,100.0,0.07894736842105263,0.48333333333333334,0.06,3.8815645646699863,23.76571656740824,-5.973025744728694,32.480700874446484
100.0,100.0,0.07894736842105263,0.48333333333333334,0.08,4.556060043684866,21.217860875077715,-7.511536855995468,34.91286259073471
100.0,100.0,0.07894736842105263,0.48333333333333334,0.1,5.27570927257004,18.364571031939185,-9.153017991352783,36.99041418243966
100.0,100.0,0.07894736842105263,0.7000000000000001,0.0,2.634618886083693,33.35970787485481,-1.881186534296324,34.07788338987071
100.0,100.0,0.07894736842105263,0.7000000000000001,0.02,3.36995435836036,32.39119408900548,-2.9527000343326026,39.41451286807766
100.0,100.0,0.07894736842105263,0.7000000000000001,0.04,4.208740585634615,30.069156091696932,-4.231842222741672,44.383729596962546
100.0,100.0,0.07894736842105263,0.7000000000000001,0.06,5.141443356710894,26.687327324811836,-5.6857364708655975,48.77613997272242
100.0,100.0,0.07894736842105263,0.7000000000000001,0.08,6.154961247483826,22.64532129269862,-7.270980547539253,52.447401521544805
100.0,100.0,0.07894736842105263,0.7000000000000001,0.1,7.2340599220066935,18.37136615275949,-8.940155138562076,55.32923090963473
100.0,100.0,0.07894736842105263,0.9166666666666667,0.0,3.014741419668937,38.168547104984874,-1.6436216456692052,44.45157684931841
100.0,100.0,0.07894736842105263,0.9166666666666667,0.02,3.983072705382483,36.72399370094609,-2.722538933088889,52.30146791821558
100.0,100.0,0.07894736842105263,0.9166666666666667,0.04,5.102044859082795,33.31538191307745,-4.028449679277731,59.441616858700534
100.0,100.0,0.07894736842105263,0.9166666666666667,0.06,6.35343769659174,28.49642010133314,-5.513879592218498,65.49218229982952
100.0,100.0,0.07894736842105263,0.9166666666666667,0.08,7.712938269473796,22.98192640484997,-7.118772496059159,70.22950186582864
100.0,100.0,0.07894736842105263,0.9166666666666667,0.1,9.153474579325987,17.475643273844515,-8.781669814274835,73.60035972451051
100.0,100.0,0.07894736842105263,1.1333333333333335,0.0,3.3519593870813225,42.433165440931056,-1.477935328824998,54.76722301398726
100.0,100.0,0.07894736842105263,1.1333333333333335,0.02,4.554717034063273,40.4565888718323,-2.562741674005963,65.3734975255812
100.0,100.0,0.07894736842105263,1.1333333333333335,0.04,5.9589316743482215,35.86615036669008,-3.888923518559828,74.79193902364572
100.0,100.0,0.07894736842105263,1.1333333333333335,0.06,7.534436943900715,29.565956866960917,-5.393574288240096,82.42733803206087
100.0,100.0,0.07894736842105263,1.1333333333333335,0.08,9.242142676154373,22.6626548384043,-7.000468237047012,87.99106901904109
100.0,100.0,0.07894736842105263,1.1333333333333335,0.1,11.040367446021023,16.15255769633985,-8.63665559370477,91.50608711167784
100.0,100.0,0.07894736842105263,1.35,0.0,3.6581572553154516,46.30417746651076,-1.3539233177342325,65.03074385266207
100.0,100.0,0.07894736842105263,1.35,0.02,5.096491618802858,43.746525087625656,-2.44351070125201,78.5951465036706
100.0,100.0,0.07894736842105263,1.35,0.04,6.789797266007497,37.90004059062722,-3.7851626423388014,90.34788333292086
100.0,100.0,0.07894736842105263,1.35,0.06,8.692558241027825,30.109844650474344,-5.300035545776984,99.44169145730166
100.0,100.0,0.07894736842105263,1.35,0.08,10.747497227625018,21.935628413024947,-6.896653555339062,105.55752788465675
100.0,100.0,0.07894736842105263,1.35,0.1,12.896127632393913,14.654276191564666,-8.493295922316625,108.87491224407785
100.0,100.0,0.07894736842105263,1.5666666666666667,0.0,3.940572833681024,49.873320224836846,-1.2566066126078712,75.2465512802832
100.0,100.0,0.07894736842105263,1.5666666666666667,0.02,5.615423203279022,46.69079031422901,-2.350116570091259,91.93958903695976
100.0,100.0,0.07894736842105263,1.5666666666666667,0.04,7.600750744770892,39.53010332871033,-3.703494779755101,106.04357515023345
100.0,100.0,0.07894736842105263,1.5666666666666667,0.06,9.832204927214178,30.2662388403044,-5.221701112879915,116.43241871037763
100.0,100.0,0.07894736842105263,1.5666666666666667,0.08,12.231142262002692,20.95669250762161,-6.799199834823832,122.81052348851306
100.0,100.0,0.07894736842105263,1.5666666666666667,0.1,14.720662138848311,13.122627717293156,-8.348169554498186,125.60800506189095
100.0,100.0,0.07894736842105263,1.7833333333333334,0.0,4.2040017965685905,53.20138442829349,-1.177600737468375,85.41809839805968
100.0,100.0,0.07894736842105263,1.7833333333333334,0.02,6.116140619545845,49.354349639080674,-2.274341402036912,105.38554107817598
100.0,100.0,0.07894736842105263,1.7833333333333334,0.04,8.395691987670403,40.83407938038547,-3.636418587190997,121.82687315004277
100.0,100.0,0.07894736842105263,1.7833333333333334,0.06,10.955950854608062,30.131096730518,-5.1525245888727405,133.32139088165164
100.0,100.0,0.07894736842105263,1.7833333333333334,0.08,13.694005635411528,19.829051757411296,-6.704416664403764,139.66854988650599
100.0,100.0,0.07894736842105263,1.7833333333333334,0.1,16.513494416848857,11.638145668712006,-8.200671601436259,141.65130535638485
100.0,100.0,0.07894736842105263,2.0,0.0,4.45181593989868,56.33111638218878,-1.1117983496484625,95.54818406010132
100.0,100.0,0.07894736842105263,2.0,0.02,6.60187922456916,51.78338233952454,-2.211195872618414,118.91554317067454
100.0,100.0,0.07894736842105263,2.0,0.04,9.177259080296395,41.86859236163471,-3.5794598812559033,137.6553042322346
100.0,100.0,0.07894736842105263,2.0,0.06,12.065377259090141,29.774343649423262,-5.089091931149951,150.04801372511463
100.0,100.0,0.07894736842105263,2.0,0.08,15.136455962430531,18.623097788222317,-6.610583489184263,156.07555871568107
100.0,100.0,0.07894736842105263,2.0,0.1,18.27414143737076,10.24513159974434,-8.051173640595405,156.97934191727217
100.0,100.0,0.10789473684210527,0.05,0.0,0.9624646676499751,8.919971558183951,-9.62417983909321,2.4759383833087507
100.0,100.0,0.10789473684210527,0.05,0.02,1.0127848817283436,8.907857438887271,-10.633529724983577,2.5560509575656414
100.0,100.0,0.10789473684210527,0.05,0.04,1.0647049521397562,8.880489754989858,-11.690301448252603,2.635900496020223
100.0,100.0,0.10789473684210527,0.05,0.06,1.1182182112674752,8.838009181810133,-12.794162608011192,2.7153465493467066
100.0,100.0,0.10789473684210527,0.05,0.08,1.173315199339413,8.780633504369865,-13.944642164882707,2.794250470170696
100.0,100.0,0.10789473684210527,0.05,0.1,1.2299837075412157,8.708655757606085,-15.141133447091836,2.8724761174689513
100.0,100.0,0.10789473684210527,0.26666666666666666,0.0,2.2224833703633635,20.59329814955712,-4.166078408545274,13.037002217284886
100.0,100.0,0.10789473684210527,0.26666666666666666,0.02,2.4926739459007337,20.444576176967676,-5.18449090093471,13.979991184238582
100.0,100.0,0.10789473684210527,0.26666666666666666,0.04,2.7815701628751412,20.11180099867882,-6.3045799278231485,14.9060643999888
100.0,100.0,0.10789473684210527,0.26666666666666666,0.06,3.088745075345855,19.603989484952027,-7.522387869942375,15.806440923069184
100.0,100.0,0.10789473684210527,0.26666666666666666,0.08,3.413601804504836,18.934707701369174,-8.83242480869994,16.672945375115983
100.0,100.0,0.10789473684210527,0.26666666666666666,0.1,3.7553877707706533,18.121468818909044,-10.227851408084613,17.498214874515927
100.0,100.0,0.10789473684210527,0.48333333333333334,0.0,2.9917954146127244,27.71583636286998,-3.093509866273146,23.443649441468594
100.0,100.0,0.10789473684210527,0.48333333333333334,0.02,3.483087230076208,27.35411128886942,-4.115612844791338,25.676527772568324
100.0,100.0,0.10789473684210527,0.48333333333333334,0.04,4.018365263015795,26.55245321686439,-5.267312255127834,27.83581534513764
100.0,100.0,0.10789473684210527,0.48333333333333334,0.06,4.59578201485899,25.349775470723976,-6.539231978040835,29.884585211271567
100.0,100.0,0.10789473684210527,0.48333333333333334,0.08,5.2127953968427505,23.80296201861255,-7.918660300752748,31.790566464584348
100.0,100.0,0.10789473684210527,0.48333333333333334,0.1,5.866276206401835,21.98241042236855,-9.390298521388075,33.52751091499267
100.0,100.0,0.10789473684210527,0.7000000000000001,0.0,3.600077970658816,33.343924082043955,-2.569738510082335,33.73997271026941
100.0,100.0,0.10789473684210527,0.7000000000000001,0.02,4.3130540335860275,32.71551382911658,-3.593741766869728,37.535167959270744
100.0,100.0,0.10789473684210527,0.7000000000000001,0.04,5.100262306235457,31.336102574524553,-4.766278171224446,41.1473612347335
100.0,100.0,0.10789473684210527,0.7000000000000001,0.06,5.957134556200863,29.301537681849194,-6.071459802893422,44.488016889988664
100.0,100.0,0.10789473684210527,0.7000000000000001,0.08,6.877486744821894,26.747921542671513,-7.4882484043337065,47.48492381342105
100.0,100.0,0.10789473684210527,0.7000000000000001,0.1,7.853889077186949,23.83657574255753,-8.992203040690896,50.08621595003549
100.0,100.0,0.10789473684210527,0.9166666666666667,0.0,4.119295795552077,38.144900088456154,-2.2448912492249318,43.945322760371965
100.0,100.0,0.10789473684210527,0.9166666666666667,0.02,5.0542509172997185,37.2062530260677,-3.269793489908931,49.5065629759504
100.0,100.0,0.10789473684210527,0.9166666666666667,0.04,6.097191735824893,35.16546473436178,-4.4570541368830465,54.71371692718279
100.0,100.0,0.10789473684210527,0.9166666666666667,0.06,7.23933103023316,32.206072026006765,-5.783508927487414,59.40195028691421
100.0,100.0,0.10789473684210527,0.9166666666666667,0.08,8.468968673666097,28.581178414704528,-7.219213068588983,63.446657721174994
100.0,100.0,0.10789473684210527,0.9166666666666667,0.1,9.772387024449984,24.57782652895524,-8.73061065817288,66.77150707245536
100.0,100.0,0.10789473684210527,1.1333333333333335,0.0,4.579841691126369,42.40066490104344,-2.0182979035713404,54.07142304169507
100.0,100.0,0.10789473684210527,1.1333333333333335,0.02,5.736894326544778,41.1144549073449,-3.043433626143355,61.5604064989256
100.0,100.0,0.10789473684210527,1.1333333333333335,0.04,7.038287366160965,38.34459494603762,-4.241308860689982,68.45566795680139
100.0,100.0,0.10789473684210527,1.1333333333333335,0.06,8.469374700205051,34.39549151777222,-5.580926855227083,74.49173638319299
100.0,100.0,0.10789473684210527,1.1333333333333335,0.08,10.010978262987194,29.674720243552542,-7.023184519369748,79.4842007022723
100.0,100.0,0.10789473684210527,1.1333333333333335,0.1,11.641159195238046,24.62405058252282,-8.52584658293,83.34223398526677
100.0,100.0,0.10789473684210527,1.35,0.0,4.997961417583014,46.26193496570228,-1.8486738144189019,64.12637604313147
100.0,100.0,0.10789473684210527,1.35,0.02,6.377107173509771,44.59519628815581,-2.8735583752862253,73.67551613350518
100.0,100.0,0.10789473684210527,1.35,0.04,7.938910049033886,41.039956248160294,-4.079027798181788,82.31724719605076
100.0,100.0,0.10789473684210527,1.35,0.06,9.661121545628362,36.056222210189105,-5.425845286896029,89.66254723108713
100.0,100.0,0.10789473684210527,1.35,0.08,11.515095179421223,30.241830660479277,-6.865724109624513,95.46575459531415
100.0,100.0,0.10789473684210527,1.35,0.1,13.468860998564438,24.215333579541987,-8.348433789919085,99.64032094336527
100.0,100.0,0.10789473684210527,1.5666666666666667,0.0,5.383549372092993,49.820523283880654,-1.715544334803281,74.11621965852716
100.0,100.0,0.10789473684210527,1.5666666666666667,0.02,6.984691748365535,47.74358067842042,-2.73980407242348,85.8359588432228
100.0,100.0,0.10789473684210527,1.5666666666666667,0.04,8.808285971925592,43.35537909945001,-3.9505220962133762,96.25606686887971
100.0,100.0,0.10789473684210527,1.5666666666666667,0.06,10.822662101959324,37.3071683953467,-5.299926992279493,104.84325660668645
100.0,100.0,0.10789473684210527,1.5666666666666667,0.08,12.98772792620538,30.420257460734476,-6.730686907283758,111.29562480892129
100.0,100.0,0.10789473684210527,1.5666666666666667,0.1,15.259838490566821,23.50470375153478,-8.185410980622917,115.55793623397491
100.0,100.0,0.10789473684210527,1.7833333333333334,0.0,5.743161776293732,53.137280073348094,-1.6074484626221874,84.04568074947142
100.0,100.0,0.10789473684210527,1.7833333333333334,0.02,7.566131832995346,50.62306534485828,-2.6307838061431124,98.02916487632297
100.0,100.0,0.10789473684210527,1.7833333333333334,0.04,9.652442928102708,45.36131454409536,-3.8448596226491976,110.23856948210427
100.0,100.0,0.10789473684210527,1.7833333333333334,0.06,11.959130839467761,38.23058098698752,-5.193164719592125,119.97840854138973
100.0,100.0,0.10789473684210527,1.7833333333333334,0.08,14.4327241360498,30.305694306452807,-6.609582207270496,126.90219767032973
100.0,100.0,0.10789473684210527,1.7833333333333334,0.1,17.016450101415145,22.595692309090566,-8.030481651548808,131.02047474201453
100.0,100.0,0.10789473684210527,2.0,0.0,6.081408481151257,56.25499991453738,-1.5174046029579158,93.91859151884874
100.0,100.0,0.10789473684210527,2.0,0.02,8.125978359713947,53.278582694615196,-2.5395684658426543,110.24488010536923
100.0,100.0,0.10789473684210527,2.0,0.04,10.475559223119966,47.10847521444218,-3.7554364458741505,124.23736559001905
100.0,100.0,0.10789473684210527,2.0,0.06,13.073983409069086,38.88662756705414,-5.099625096125689,135.02364947065414
100.0,100.0,0.10789473684210527,2.0,0.08,15.85253347617342,29.96790360991628,-6.497583753507703,142.23097462705823
100.0,100.0,0.10789473684210527,2.0,0.1,18.740060853051503,21.560920327626707,-7.880404668622125,145.97654424832808
100.0,100.0,0.13684210526315788,0.05,0.0,1.2206688796009786,8.919576608007118,-12.205736410957106,2.469483278009976
100.0,100.0,0.13684210526315788,0.05,0.02,1.2706852899801007,8.910358321464788,-13.20597634941356,2.532136089575419
100.0,100.0,0.13684210526315788,0.05,0.04,1.321953225422,8.891647787909639,-14.243217425595734,2.594624250043974
100.0,100.0,0.13684210526315788,0.05,0.06,1.3744687023909634,8.863504843956276,-15.317261179472654,2.6568787924174244
100.0,100.0,0.13684210526315788,0.05,0.08,1.428226363805102,8.826019332930779,-16.427840850956187,2.7188313655252423
100.0,100.0,0.13684210526315788,0.05,0.1,1.4832194935281606,8.779310627016876,-17.57462239146146,2.7804144509297113
100.0,100.0,0.13684210526315788,0.26666666666666666,0.0,2.8185375522802047,20.58843562492006,-5.28255914060449,12.95752832636264
100.0,100.0,0.13684210526315788,0.26666666666666666,0.02,3.084997327030635,20.475207169035468,-6.280036969703479,13.687064894960137
100.0,100.0,0.13684210526315788,0.26666666666666666,0.04,3.3659499244639335,20.246940636682474,-7.3558495894533085,14.406072489749405
100.0,100.0,0.13684210526315788,0.26666666666666666,0.06,3.6611410094360295,19.90749720277799,-8.507640689892508,15.110204501617538
100.0,100.0,0.13684210526315788,0.26666666666666666,0.08,3.9702312895088596,19.462564560771767,-9.732281376368338,15.795323494251939
100.0,100.0,0.13684210526315788,0.26666666666666666,0.1,4.292801378847628,18.919498398806255,-11.025933043276218,16.457568158325284
100.0,100.0,0.13684210526315788,0.48333333333333334,0.0,3.7939310327659257,27.703975937933265,-3.9217969567310242,23.2498000004149
100.0,100.0,0.13684210526315788,0.48333333333333334,0.02,4.276146085940624,27.428438495111152,-4.9158548804379345,24.96569458344879
100.0,100.0,0.13684210526315788,0.48333333333333334,0.04,4.792254069637615,26.876716567965033,-6.0090409111440835,26.635913371471876
100.0,100.0,0.13684210526315788,0.48333333333333334,0.06,5.341154868319009,26.065585456888385,-7.195771492670396,28.242023783977984
100.0,100.0,0.13684210526315788,0.48333333333333334,0.08,5.921395116863032,25.019285424915374,-8.468737960041208,29.767218781132744
100.0,100.0,0.13684210526315788,0.48333333333333334,0.1,6.531205547381759,23.76831882158431,-9.819169543556747,31.19678552996659
100.0,100.0,0.13684210526315788,0.7000000000000001,0.0,4.565009512939497,33.323260833433665,-3.25716083334314,33.40224667047117
100.0,100.0,0.13684210526315788,0.7000000000000001,0.02,5.262212341763956,32.8443371602176,-4.247579983075697,36.303093333220794
100.0,100.0,0.13684210526315788,0.7000000000000001,0.04,6.0163765964255305,31.891845533860526,-5.350995097081492,39.0905731541647
100.0,100.0,0.13684210526315788,0.7000000000000001,0.06,6.824780999276051,30.50738222256251,-6.55793368789276,41.72010628038812
100.0,100.0,0.13684210526315788,0.7000000000000001,0.08,7.683867452172137,28.749902469827518,-7.856183515033295,44.15287338103096
100.0,100.0,0.13684210526315788,0.7000000000000001,0.1,8.589371789710938,26.69155952141084,-9.23142019871836,46.357295402694795
100.0,100.0,0.13684210526315788,0.9166666666666667,0.0,5.223059883165114,38.11394798888137,-2.8448688451031066,43.43943088688266
100.0,100.0,0.13684210526315788,0.9166666666666667,0.02,6.134447985190995,37.39822350753286,-3.8315288800988774,47.67044939104228
100.0,100.0,0.13684210526315788,0.9166666666666667,0.04,7.128415371619553,35.98439006273581,-4.941149349131901,51.682426424329925
100.0,100.0,0.13684210526315788,0.9166666666666667,0.06,8.199723191715897,33.952632746519484,-6.159896105451437,55.39160929778117
100.0,100.0,0.13684210526315788,0.9166666666666667,0.08,9.341594472021995,31.414409678839185,-7.470212161425695,58.72859379101311
100.0,100.0,0.13684210526315788,0.9166666666666667,0.1,10.546035842956513,28.502338103414115,-8.851981462082474,61.64156364745513
100.0,100.0,0.13684210526315788,1.1333333333333335,0.0,5.8066379121454545,42.358131426228226,-2.5572246526670286,53.376238516450925
100.0,100.0,0.13684210526315788,1.1333333333333335,0.02,6.931387850350532,41.37689106647014,-3.540047841251486,59.05018893474784
100.0,100.0,0.13684210526315788,1.1333333333333335,0.04,8.166194974622371,39.45163910636329,-4.653187776895226,64.35725345290128
100.0,100.0,0.13684210526315788,1.1333333333333335,0.06,9.502317739152716,36.71625525970038,-5.8780948948718414,69.16126745493845
100.0,100.0,0.13684210526315788,1.1333333333333335,0.08,10.928571200844829,33.35322571756126,-7.191605255182032,73.35528929523475
100.0,100.0,0.13684210526315788,1.1333333333333335,0.1,12.431974236501844,29.57354847242095,-8.567808661323884,76.8672983296634
100.0,100.0,0.13684210526315788,1.35,0.0,6.336354065352822,46.20666153253748,-2.3418580893683707,63.222961005886845
100.0,100.0,0.13684210526315788,1.35,0.02,7.673628303729139,44.93447590574315,-3.3207899917806496,70.4301173992305
100.0,100.0,0.13684210526315788,1.35,0.04,9.149815376014637,42.45520077208336,-4.435489137539531,77.07702022918505
100.0,100.0,0.13684210526315788,1.35,0.06,10.751618894732005,38.97249828620111,-5.662421388331541,82.96215863038825
100.0,100.0,0.13684210526315788,1.35,0.08,12.462214438873701,34.75855580275739,-6.972679957449598,87.93626208223526
100.0,100.0,0.13684210526315788,1.35,0.1,14.262392239396092,30.11905416993533,-8.334716144082734,91.9108940393717
100.0,100.0,0.13684210526315788,1.5666666666666667,0.0,6.824761873241364,49.75145127123266,-2.172795744208369,72.98726986596093
100.0,100.0,0.13684210526315788,1.5666666666666667,0.02,8.373712761662247,48.165366535434785,-3.1477964155094442,81.80113194455939
100.0,100.0,0.13684210526315788,1.5666666666666667,0.04,10.091447326457036,45.0951785332511,-4.262542871162708,89.81310619085552
100.0,100.0,0.13684210526315788,1.5666666666666667,0.06,11.95901113538978,40.831137318034415,-5.488311600943241,96.74409076722144
100.0,100.0,0.13684210526315788,1.5666666666666667,0.08,13.95269002270605,35.75353344634182,-6.790411447757306,102.40021093070051
100.0,100.0,0.13684210526315788,1.5666666666666667,0.1,16.045851035660505,30.276982207096037,-8.131921019573607,106.68426604214888
100.0,100.0,0.13684210526315788,1.7833333333333334,0.0,7.280180099581884,53.05342923355403,-2.035498022733504,82.67517274453948
100.0,100.0,0.13684210526315788,1.7833333333333334,0.02,9.039952458623773,51.13245010100109,-3.006537324412135,93.15610844963979
100.0,100.0,0.13684210526315788,1.7833333333333334,0.04,10.999109100474982,47.43903728262498,-4.120120539354117,102.54298571188976
100.0,100.0,0.13684210526315788,1.7833333333333334,0.06,13.13189570384381,42.36734527373178,-5.3421810727757375,110.467853649152
100.0,100.0,0.13684210526315788,1.7833333333333334,0.08,15.406457316365447,36.42359082378602,-6.632274784855141,116.69270343591221
100.0,100.0,0.13684210526315788,1.7833333333333334,0.1,17.787609764387213,30.143271576358867,-7.948451117389496,121.1230345499724
100.0,100.0,0.13684210526315788,2.0,0.0,7.708458269439454,56.15545363344408,-1.921107624302034,92.29154173056054
100.0,100.0,0.13684210526315788,2.0,0.02,9.678191190805713,53.88018881376339,-2.888162452916127,104.48928356031698
100.0,100.0,0.13684210526315788,2.0,0.04,11.878406701108098,49.53502601642961,-3.999586760674055,115.24837247928373
100.0,100.0,0.13684210526315788,2.0,0.06,14.275380106938272,43.63568513137924,-5.215858900972238,124.10197154925618
100.0,100.0,0.13684210526315788,2.0,0.08,16.827877896138943,36.83132311331173,-6.49087064315621,130.77129236357285
100.0,100.0,0.13684210526315788,2.0,0.1,19.49111732468812,29.78783634913117,-7.778040240509451,135.1796536239414
100.0,100.0,0.16578947368421051,0.05,0.0,1.478860306837312,8.91908825293779,-14.78690947197581,2.4630284923290673
100.0,100.0,0.16578947368421051,0.05,0.02,1.5286339298464497,8.911387096357576,-15.779868772261523,2.514317518119126
100.0,100.0,0.16578947368421051,0.05,0.04,1.5794322261295832,8.897216270025773,-16.803039494725603,2.5654893351299077
100.0,100.0,0.16578947368421051,0.05,0.06,1.631252463129151,8.876606660572245,-17.856285634792798,2.616505142677083
100.0,100.0,0.16578947368421051,0.05,0.08,1.6840911348056622,8.849603129950145,-18.93943270391404,2.66732640726767
100.0,100.0,0.16578947368421051,0.05,0.1,1.7379439678186728,8.816264352720308,-20.052268161225847,2.7179149461210885
100.0,100.0,0.16578947368421051,0.26666666666666666,0.0,3.4144343489750213,20.582424413288223,-6.398154957420188,12.878075420136666
100.0,100.0,0.16578947368421051,0.26666666666666666,0.02,3.677911706550617,20.487818498267703,-7.378893313186495,13.468628031684057
100.0,100.0,0.16578947368421051,0.26666666666666666,0.04,3.9531298430742083,20.314658308478872,-8.422679256043349,14.051738677322904
100.0,100.0,0.16578947368421051,0.26666666666666666,0.06,4.23991528030691,20.064943480893636,-9.527908468949635,14.624956368658479
100.0,100.0,0.16578947368421051,0.26666666666666666,0.08,4.538046386608912,19.74153756447172,-10.692537246626571,15.185921306270828
100.0,100.0,0.16578947368421051,0.26666666666666666,0.1,4.847255467850225,19.348113365231278,-11.914109600336392,15.73239127620971
100.0,100.0,0.16578947368421051,0.48333333333333334,0.0,4.595682805999729,27.689316839233957,-4.748893722881323,23.056043321883397
100.0,100.0,0.16578947368421051,0.48333333333333334,0.02,5.070639637454519,27.45906661302305,-5.720515213081301,24.435179275312226
100.0,100.0,0.16578947368421051,0.48333333333333334,0.04,5.572875520962462,27.039866314914924,-6.771205124457852,25.782163526684567
100.0,100.0,0.16578947368421051,0.48333333333333334,0.06,6.101642210895086,26.440432159465594,-7.897173628046664,27.086576461757506
100.0,100.0,0.16578947368421051,0.48333333333333334,0.08,6.655989852490116,25.673069592022806,-9.093639704166876,28.338710532344223
100.0,100.0,0.16578947368421051,0.48333333333333334,0.1,7.23478316451552,24.75325332865866,-10.354945698004398,29.52976000037001
100.0,100.0,0.16578947368421051,0.7000000000000001,0.0,5.529272391806124,33.297727210673756,-3.9431519065271545,33.064754662867855
100.0,100.0,0.16578947368421051,0.7000000000000001,0.02,6.2138583226170425,32.89746714385026,-4.906689615541835,35.38279246090068
100.0,100.0,0.16578947368421051,0.7000000000000001,0.04,6.944053343772943,32.17260277947815,-5.9597008371115985,37.62127862619234
100.0,100.0,0.16578947368421051,0.7000000000000001,0.06,7.718010113634193,31.14481793240695,-7.095768981720225,39.75494667836671
100.0,100.0,0.16578947368421051,0.7000000000000001,0.08,8.533400179564985,29.844290601014556,-8.306885532931087,41.761065718016795
100.0,100.0,0.16578947368421051,0.7000000000000001,0.1,9.387471087649338,28.30822170464238,-9.583726278649495,43.62005806380344
100.0,100.0,0.16578947368421051,0.9166666666666667,0.0,6.325822467236478,38.0757086153736,-3.443210013543354,42.93399803584995
100.0,100.0,0.16578947368421051,0.9166666666666667,0.02,7.218353737719653,37.47746492267332,-4.399244606963524,46.29781487211638
100.0,100.0,0.16578947368421051,0.9166666666666667,0.04,8.176711972383472,36.39979243076626,-5.452018987996887,49.508321441871374
100.0,100.0,0.16578947368421051,0.9166666666666667,0.06,9.197345773203928,34.88462805607438,-6.592175049069492,52.51791776284488
100.0,100.0,0.16578947368421051,0.9166666666666667,0.08,10.27581252273518,32.989503213264484,-7.80816458198796,55.28535015925356
100.0,100.0,0.16578947368421051,0.9166666666666667,0.1,11.406920035741365,30.783921530281805,-9.086766917401208,57.77711266730379
100.0,100.0,0.16578947368421051,1.1333333333333335,0.0,7.03205804374079,42.30559526484771,-3.0943333997895572,52.68183377521357
100.0,100.0,0.16578947368421051,1.1333333333333335,0.02,8.130953568272766,41.48531221630171,-4.043254329526672,57.17204339069955
100.0,100.0,0.16578947368421051,1.1333333333333335,0.04,9.317229525011612,40.01547986315731,-5.094100578967154,61.40603291572806
100.0,100.0,0.16578947368421051,1.1333333333333335,0.06,10.584966418526797,37.9663467036898,-6.234336772642672,65.30618928005335
100.0,100.0,0.16578947368421051,1.1333333333333335,0.08,11.926817220485091,35.432900367635234,-7.448675252734066,68.8078875196369
100.0,100.0,0.16578947368421051,1.1333333333333335,0.1,13.334294631774199,32.527576762455034,-8.719915920672943,71.86206460927583
100.0,100.0,0.16578947368421051,1.35,0.0,7.672958638447014,46.138403976744954,-2.8330598933089,62.32075291904827
100.0,100.0,0.16578947368421051,1.35,0.02,8.976709628302523,45.07476393946809,-3.7751543169746826,67.99988164667994
100.0,100.0,0.16578947368421051,1.35,0.04,10.390346736244169,43.178951566607445,-4.822850682262791,73.28851484557089
100.0,100.0,0.16578947368421051,1.35,0.06,11.904873606337567,40.55818046721452,-5.960256438182135,78.07144158202537
100.0,100.0,0.16578947368421051,1.35,0.08,13.509214335111288,37.35532954021206,-7.168224290230198,82.2567822490596
100.0,100.0,0.16578947368421051,1.35,0.1,15.190724760628008,33.73606455489061,-8.425593184822251,85.78008606144108
100.0,100.0,0.16578947368421051,1.5666666666666667,0.0,8.263740160518303,49.66617205053703,-2.627913358777015,71.86007020759399
100.0,100.0,0.16578947368421051,1.5666666666666667,0.02,9.77089278925456,48.33991954837244,-3.5634060732893538,78.77723024445571
100.0,100.0,0.16578947368421051,1.5666666666666667,0.04,11.411103406781145,45.98852927198983,-4.607020488971472,85.136460024123
100.0,100.0,0.16578947368421051,1.5666666666666667,0.06,13.171555826553622,42.76529592374822,-5.73936925190747,90.77767571801951
100.0,100.0,0.16578947368421051,1.5666666666666667,0.08,15.03660153229265,38.87154523849074,-6.937385090775619,95.57904327947236
100.0,100.0,0.16578947368421051,1.5666666666666667,0.1,16.988590124283206,34.53587723949451,-8.176038001523342,99.46283747007419
100.0,100.0,0.16578947368421051,1.7833333333333334,0.0,8.81448646166389,52.949925658836264,-2.4612729831579077,81.30708290501636
100.0,100.0,0.16578947368421051,1.7833333333333334,0.02,10.52363084721734,51.34343613760524,-3.3903474198050834,89.50094690614208
100.0,100.0,0.16578947368421051,1.7833333333333334,0.04,12.389447721932783,48.5102478509071,-4.429142207711806,96.93481768349523
100.0,100.0,0.16578947368421051,1.7833333333333334,0.06,14.394532033402065,44.659210839395364,-5.554671006162861,103.39694051471105
100.0,100.0,0.16578947368421051,1.7833333333333334,0.08,16.5178110981726,40.06061232156755,-6.739932934065222,108.73416437024632
100.0,100.0,0.16578947368421051,1.7833333333333334,0.1,18.73580504233184,35.01491766501693,-7.956175679706832,112.85960910087623
100.0,100.0,0.16578947368421051,2.0,0.0,9.33228880908348,56.03260232279777,-2.3224039120633284,90.66771119091652
100.0,100.0,0.16578947368421051,2.0,0.02,11.242051487044797,54.1295864906977,-3.245214381747869,100.16854679886883
100.0,100.0,0.16578947368421051,2.0,0.04,13.332363312166379,50.7911724777128,-4.278590231165337,108.6714896472173
100.0,100.0,0.16578947368421051,2.0,0.06,15.580441805467878,46.29151342697929,-5.3958692090657,115.90692657631952
100.0,100.0,0.16578947368421051,2.0,0.08,17.95893979717426,40.980205623035,-6.566140524004202,121.69047108939442
100.0,100.0,0.16578947368421051,2.0,0.1,20.43776113118853,35.23761442734939,-7.757117232673683,125.93221690448668
100.0,100.0,0.19473684210526315,0.05,0.0,1.7370362457481505,8.91850650832007,-17.36761793725487,2.456574093856296
100.0,100.0,0.19473684210526315,0.05,0.02,1.786600898393523,8.911698079543376,-18.35431066849315,2.4998781260874874
100.0,100.0,0.19473684210526315,0.05,0.04,1.8370307689629897,8.900199713956523,-19.36644137385837,2.5430918872972126
100.0,100.0,0.19473684210526315,0.05,0.06,1.888323812463554,8.884029580053388,-20.40390838361187,2.586191439765356
100.0,100.0,0.19473684210526315,0.05,0.08,1.9404775064458306,8.863213201654624,-21.466586268922526,2.6291529818522044
100.0,100.0,0.19473684210526315,0.05,0.1,1.993488854100903,8.837783390772563,-22.554326058194025,2.671952885450043
100.0,100.0,0.19473684210526315,0.26666666666666666,0.0,4.01014052309192,20.575265521540036,-7.512679187141265,12.798647930254411
100.0,100.0,0.19473684210526315,0.26666666666666666,0.02,4.271050806364578,20.4916319555207,-8.479008963022103,13.291560425259714
100.0,100.0,0.19473684210526315,0.26666666666666666,0.04,4.541765016895269,20.35101526454683,-9.497616172622836,13.77878557264568
100.0,100.0,0.19473684210526315,0.26666666666666666,0.06,4.822154228783489,20.154593695347472,-10.567311364135108,14.25881220048981
100.0,100.0,0.19473684210526315,0.26666666666666666,0.08,5.112059737501653,19.904003954444462,-11.686633092193965,14.730175669776633
100.0,100.0,0.19473684210526315,0.26666666666666666,0.1,5.411294111481368,19.601318500253637,-12.853861568281012,15.191469852888366
100.0,100.0,0.19473684210526315,0.48333333333333334,0.0,5.396969782415972,27.671863515243345,-5.574549637372071,22.862398969249472
100.0,100.0,0.19473684210526315,0.48333333333333334,0.02,5.8656790377199215,27.468331066153883,-6.526858032737183,24.005001214697657
100.0,100.0,0.19473684210526315,0.48333333333333334,0.04,6.357006725660149,27.127642390078528,-7.544072216969155,25.123146628317716
100.0,100.0,0.19473684210526315,0.48333333333333334,0.06,6.8703989678860395,26.654942050226868,-8.623395431778004,26.210413966878622
100.0,100.0,0.19473684210526315,0.48333333333333334,0.08,7.405176948859896,26.057295975978402,-9.761415417360269,27.260746070525283
100.0,100.0,0.19473684210526315,0.48333333333333334,0.1,7.960545085941817,25.34351574892622,-10.954162393086634,28.268537109297593
100.0,100.0,0.19473684210526315,0.7000000000000001,0.0,6.492725779953588,33.2673344307889,-4.6274111802225155,32.72754597701624
100.0,100.0,0.19473684210526315,0.7000000000000001,0.02,7.166451330277141,32.913543240602586,-5.567808593464333,34.63631394200225
100.0,100.0,0.19473684210526315,0.7000000000000001,0.04,7.877776176427915,32.32396754500831,-6.581036122867669,36.484790099835045
100.0,100.0,0.19473684210526315,0.7000000000000001,0.06,8.625336933300403,31.511427421144255,-7.662375012006011,38.25740958821323
100.0,100.0,0.19473684210526315,0.7000000000000001,0.08,9.4074713893977,30.493331937760846,-8.806114446485447,39.939906614078204
100.0,100.0,0.19473684210526315,0.7000000000000001,0.1,10.222247451465577,29.291059194806948,-10.005692074094966,41.51960267108957
100.0,100.0,0.19473684210526315,0.9166666666666667,0.0,7.427372908561807,38.030203956643334,-4.039571903528621,42.429120750242504
100.0,100.0,0.19473684210526315,0.9166666666666667,0.02,8.30367217543769,37.50144963946521,-4.96924216994418,45.1840858601329
100.0,100.0,0.19473684210526315,0.9166666666666667,0.04,9.233963569607631,36.624215068987276,-5.977058921112633,47.82321710318232
100.0,100.0,0.19473684210526315,0.9166666666666667,0.06,10.21563248279336,35.42333641668076,-7.056159703960432,50.317200999811234
100.0,100.0,0.19473684210526315,0.9166666666666667,0.08,11.245509381514182,33.93215717277196,-8.198311786044265,52.639982129808885
100.0,100.0,0.19473684210526315,0.9166666666666667,0.1,12.319941880269475,32.19099084718586,-9.394176835655681,54.76942815107505
100.0,100.0,0.19473684210526315,1.1333333333333335,0.0,8.255813057776066,42.24309375084347,-3.6292441225569854,51.98837260059358
100.0,100.0,0.19473684210526315,1.1333333333333335,0.02,9.332452490511166,41.5181397166949,-4.548978648796438,55.6476713022748
100.0,100.0,0.19473684210526315,1.1333333333333335,0.04,10.480431708904305,40.32073139143822,-5.550460907933718,59.1139102763316
100.0,100.0,0.19473684210526315,1.1333333333333335,0.06,11.695401787141584,38.69254201590578,-6.624520673491442,62.33930623370472
100.0,100.0,0.19473684210526315,1.1333333333333335,0.08,12.972122553598453,36.68888138535637,-7.7602579781727945,65.28275739062167
100.0,100.0,0.19473684210526315,1.1333333333333335,0.1,14.304609326696408,34.37557922656665,-8.945474780764473,67.91108879472634
100.0,100.0,0.19473684210526315,1.35,0.0,9.007400090289025,46.05722005239122,-3.3218657737592103,61.42000493905491
100.0,100.0,0.19473684210526315,1.35,0.02,10.282292766498514,45.117253854335125,-4.232245606705514,66.02678995125387
100.0,100.0,0.19473684210526315,1.35,0.04,11.646512883267214,43.57159101536585,-5.226740446924573,70.34006458577436
100.0,100.0,0.19473684210526315,1.35,0.06,13.093463161335606,41.483940581822296,-6.293748656756248,74.28891488546189
100.0,100.0,0.19473684210526315,1.35,0.08,14.61524425807903,38.937889905148154,-7.419612731466033,77.81445410367083
100.0,100.0,0.19473684210526315,1.35,0.1,16.20291697285561,36.03135929747641,-8.589260516339516,80.87185133883013
100.0,100.0,0.19473684210526315,1.5666666666666667,0.0,9.700016251306849,49.56476932229352,-3.080453188563595,70.73498726980964
100.0,100.0,0.19473684210526315,1.5666666666666667,0.02,11.171186197705772,48.3928047300115,-3.981930885662622,76.32137003342838
100.0,100.0,0.19473684210526315,1.5666666666666667,0.04,12.750078201259534,46.4741868669999,-4.968952236539781,81.48934105752325
100.0,100.0,0.19473684210526315,1.5666666666666667,0.06,14.427309242863238,43.900160546737276,-6.027390977033196,86.14038690487502
100.0,100.0,0.19473684210526315,1.5666666666666667,0.08,16.191717381000835,40.789062098371964,-7.140783061129151,90.19575278790983
100.0,100.0,0.19473684210526315,1.5666666666666667,0.1,18.030789329492258,37.27731574674476,-8.291218680289864,93.59942557113182
100.0,100.0,0.19473684210526315,1.7833333333333334,0.0,10.345513588106712,52.826884935449705,-2.884301145024553,79.94191705060486
100.0,100.0,0.19473684210526315,1.7833333333333334,0.02,12.011073058808378,51.40738042834048,-3.7772438712877823,86.5314720518539
100.0,100.0,0.19473684210526315,1.7833333333333334,0.04,13.802975471562362,49.09380870182913,-4.756417454623076,92.55227893301928
100.0,100.0,0.19473684210526315,1.7833333333333334,0.06,15.708497172285256,46.01069126264872,-5.805101712880607,97.87405046976998
100.0,100.0,0.19473684210526315,1.7833333333333334,0.08,17.712603201842846,42.317652740725734,-6.9040092800725485,102.39683565972517
100.0,100.0,0.19473684210526315,1.7833333333333334,0.1,19.798598873360504,38.19576061816185,-8.032467597059936,106.05506312462182
100.0,100.0,0.19473684210526315,2.0,0.0,10.952227637147203,55.88659977615137,-2.7207949891021057,89.0477723628528
100.0,100.0,0.19473684210526315,2.0,0.02,12.810361562434466,54.205196948230984,-3.605509684450266,96.65724646021786
100.0,100.0,0.19473684210526315,2.0,0.04,14.813540872038004,51.476904618548424,-4.576540650524268,103.52140944158896
100.0,100.0,0.19473684210526315,2.0,0.06,16.94513353889613,47.865453712802186,-5.614523891567122,109.47440220251457
100.0,100.0,0.19473684210526315,2.0,0.08,19.1856204251712,43.578290906519506,-6.697357733879079,114.39457612522627
100.0,100.0,0.19473684210526315,2.0,0.1,21.513537693843148,38.846908761296575,-7.801711298171029,118.20960427478974
100.0,100.0,0.22368421052631576,0.05,0.0,1.9951939932093126,8.91783139243162,-19.94778074622862,2.4501201501697674
100.0,100.0,0.22368421052631576,0.05,0.02,2.044570370142715,8.911592328254194,-20.928827610072812,2.487506663234234
100.0,100.0,0.22368421052631576,0.05,0.04,2.094693771774402,8.90179866247794,-21.93177404770008,2.524819983617703
100.0,100.0,0.22368421052631576,0.05,0.06,2.1455625762827566,8.888462125185068,-22.95653952371966,2.562044325890709
100.0,100.0,0.22368421052631576,0.05,0.08,2.197174846882696,8.871598675981534,-24.003027831075336,2.5991639822768478
100.0,100.0,0.22368421052631576,0.05,0.1,2.249528333566552,8.851228472170355,-25.071127212667086,2.636163341406175
100.0,100.0,0.22368421052631576,0.26666666666666666,0.0,4.605622869200921,20.566960148534555,-8.625945457033406,12.719250284106543
100.0,100.0,0.22368421052631576,0.26666666666666666,0.02,4.864220602588304,20.490335106809596,-9.579296658248063,13.13984464864856
100.0,100.0,0.22368421052631576,0.26666666666666666,0.04,5.131186153897495,20.37052217934102,-10.576937497269395,13.555864502278858
100.0,100.0,0.22368421052631576,0.26666666666666666,0.06,5.406418052466243,20.208282710175418,-11.617934342555296,13.966315710371992
100.0,100.0,0.22368421052631576,0.26666666666666666,0.08,5.689795200276592,20.004642856398682,-12.701174355627312,14.370230700875778
100.0,100.0,0.22368421052631576,0.26666666666666666,0.1,5.981177464015055,19.760882778851208,-13.825373180742833,14.766674496862212
100.0,100.0,0.22368421052631576,0.48333333333333334,0.0,6.197711151137142,27.651621260322973,-6.398514901435896,22.668886471808523
100.0,100.0,0.22368421052631576,0.48333333333333334,0.02,6.660793013830208,27.465180331061383,-7.3334307837511075,23.636397791076057
100.0,100.0,0.22368421052631576,0.48333333333333334,0.04,7.143036529469008,27.17479021315038,-8.322743019147431,24.584334459946525
100.0,100.0,0.22368421052631576,0.48333333333333334,0.06,7.644007749937195,26.783777922934274,-9.364268304022602,25.508481730151093
100.0,100.0,0.22368421052631576,0.48333333333333334,0.08,8.163190434309875,26.296585499184243,-10.455418148002483,26.404832767580892
100.0,100.0,0.22368421052631576,0.48333333333333334,0.1,8.69999065605294,25.718686015396084,-11.593231604086522,27.26963286744451
100.0,100.0,0.22368421052631576,0.7000000000000001,0.0,7.455229205589724,33.23209583796623,-5.309639372607385,32.390669778043595
100.0,100.0,0.22368421052631576,0.7000000000000001,0.02,8.119173748193575,32.9080756702309,-6.229202257205983,33.99665584631291
100.0,100.0,0.22368421052631576,0.7000000000000001,0.04,8.814774861684228,32.405361966553116,-7.209238407148428,35.55457452124833
100.0,100.0,0.22368421052631576,0.7000000000000001,0.06,9.540968154373495,31.732252430405342,-8.246079750171177,37.05423180935554
100.0,100.0,0.22368421052631576,0.7000000000000001,0.08,10.296492514465633,30.8997209925576,-9.335405598623435,38.48617588980709
100.0,100.0,0.22368421052631576,0.7000000000000001,0.1,11.07990645881145,29.921120250783265,-10.472322143148787,39.84184419524444
100.0,100.0,0.22368421052631576,0.9166666666666667,0.0,8.527501264696845,37.97746015992629,-4.633613560182393,41.92489525368062
100.0,100.0,0.22368421052631576,0.9166666666666667,0.02,9.389183690969645,37.49329189621155,-5.539551766651425,44.229687692270495
100.0,100.0,0.22368421052631576,0.9166666666666667,0.04,10.296074858133366,36.74503005802818,-6.5098245736524785,46.442441821672126
100.0,100.0,0.22368421052631576,0.9166666666666667,0.06,11.246139648071527,35.7487630100977,-7.539116694405854,48.54400090448337
100.0,100.0,0.22368421052631576,0.9166666666666667,0.08,12.23697780552962,34.52556611782027,-8.621211965002406,50.51707043207708
100.0,100.0,0.22368421052631576,0.9166666666666667,0.1,13.265864714573539,33.10076080600536,-9.74914340521696,52.346560137596846
100.0,100.0,0.22368421052631576,1.1333333333333335,0.0,9.47761510886555,42.170671259521995,-4.161579400610723,51.2960181049762
100.0,100.0,0.22368421052631576,1.1333333333333335,0.02,10.534215681179894,41.50697378619433,-5.055047380987565,54.34131835509469
100.0,100.0,0.22368421052631576,1.1333333333333335,0.04,11.650247560054197,40.485242888588346,-6.015266373659699,57.233677334941206
100.0,100.0,0.22368421052631576,1.1333333333333335,0.06,12.822334586472913,39.13249597269741,-7.035156086780256,59.941936076040534
100.0,100.0,0.22368421052631576,1.1333333333333335,0.08,14.046514416588714,37.48378783073174,-8.106499641603572,62.43875645321841
100.0,100.0,0.22368421052631576,1.1333333333333335,0.1,15.318321679392454,35.58070216778416,-9.220188855197858,64.70126732037856
100.0,100.0,0.22368421052631576,1.35,0.0,10.339305203571584,45.9631783764438,-3.80786565496854,60.520968987589185
100.0,100.0,0.22368421052631576,1.35,0.02,11.588217965270182,45.102800633697676,-4.689710033545026,64.3358184574274
100.0,100.0,0.22368421052631576,1.35,0.04,12.911190820590221,43.783435195288824,-5.639691051542273,67.91878379219813
100.0,100.0,0.22368421052631576,1.35,0.06,14.303114282316656,42.046419706931886,-6.648876722961667,71.22372461994429
100.0,100.0,0.22368421052631576,1.35,0.08,15.758022805894434,39.9448757839489,-7.706984851247242,74.21138183789499
100.0,100.0,0.22368421052631576,1.35,0.1,17.269243639029526,37.54101360538562,-8.802748215508487,76.85044095597276
100.0,100.0,0.22368421052631576,1.5666666666666667,0.0,11.133124813496487,49.44734248695455,-3.529975457495355,69.61238556276109
100.0,100.0,0.22368421052631576,1.5666666666666667,0.02,12.571905362231227,48.37481459438148,-4.400854710952043,74.21656372704875
100.0,100.0,0.22368421052631576,1.5666666666666667,0.04,14.099587150015616,46.73651020740008,-5.34047892661269,78.4910156027797
100.0,100.0,0.22368421052631576,1.5666666666666667,0.06,15.70891891917821,44.59168231034997,-6.338000962859348,82.37178691662537
100.0,100.0,0.22368421052631576,1.5666666666666667,0.08,17.391480248205653,42.01574254569189,-7.381039034994789,85.80623401233525
100.0,100.0,0.22368421052631576,1.5666666666666667,0.1,19.137924699507053,39.09586609950924,-8.456185920543879,88.7546063719644
100.0,100.0,0.22368421052631576,1.7833333333333334,0.0,11.872697863901266,52.68444427087448,-3.3041154178733376,78.58017773802138
100.0,100.0,0.22368421052631576,1.7833333333333334,0.02,13.49903007013814,51.38562719207785,-4.164562901983778,83.98635582206566
100.0,100.0,0.22368421052631576,1.7833333333333334,0.04,15.229168016035253,49.40936509756735,-5.093755095507856,88.94539603569376
100.0,100.0,0.22368421052631576,1.7833333333333334,0.06,17.053298521269994,46.836586761716354,-6.0788843769264975,93.37291120135582
100.0,100.0,0.22368421052631576,1.7833333333333334,0.08,18.960089838696895,43.76929548309953,-7.105458658413703,97.20188901820032
100.0,100.0,0.22368421052631576,1.7833333333333334,0.1,20.93706282927689,40.32387200088559,-8.157977718056655,100.38486860259881
100.0,100.0,0.22368421052631576,2.0,0.0,12.567607158692034,55.71762847588651,-3.1157884345068103,87.43239284130796
100.0,100.0,0.22368421052631576,2.0,0.02,14.37928037258164,54.179473710439396,-3.9662492051752247,93.64760042624957
100.0,100.0,0.22368421052631576,2.0,0.04,16.309608924046543,51.8481229191547,-4.884964988629557,99.2781689009467
100.0,100.0,0.22368421052631576,2.0,0.06,18.345789373472407,48.83007497704529,-5.857136962370703,104.21692565251358
100.0,100.0,0.22368421052631576,2.0,0.08,20.473121985178075,45.25825877553041,-6.8661707958879035,108.38203312219623
100.0,100.0,0.22368421052631576,2.0,0.1,22.67554852502891,41.282347812475884,-7.894541875180501,111.71979060807782
100.0,100.0,0.2526315789473684,0.05,0.0,2.2533308466681063,8.917062926482714,-22.527316866903696,2.443666728833297
100.0,100.0,0.2526315789473684,0.05,0.02,2.3025325341506218,8.911209155933376,-23.503125468525422,2.476492686471175
100.0,100.0,0.2526315789473684,0.05,0.04,2.35239014422352,8.902569010299812,-24.49810638548585,2.5092571598579085
100.0,100.0,0.2526315789473684,0.05,0.06,2.4029023376576006,8.89115060281854,-25.512193196589894,2.541949201750799
100.0,100.0,0.2526315789473684,0.05,0.08,2.4540675567436026,8.87696464749812,-26.545308612531414,2.57455791309826
100.0,100.0,0.2526315789473684,0.05,0.1,2.5058840263583235,8.860024442365834,-27.597364550370422,2.6070724532494203
100.0,100.0,0.2526315789473684,0.26666666666666666,0.0,5.200848219350583,20.55750968477684,-9.737767745420609,12.639886904086591
100.0,100.0,0.2526315789473684,0.26666666666666666,0.02,5.457300787829247,20.485636748344533,-10.679082120172616,13.004792665388726
100.0,100.0,0.2526315789473684,0.26666666666666666,0.04,5.721014512487088,20.37992572011079,-11.658532051388297,13.365886840484404
100.0,100.0,0.2526315789473684,0.26666666666666666,0.06,5.991906267716033,20.240903355989776,-12.675354890211482,13.722482505288923
100.0,100.0,0.2526315789473684,0.26666666666666666,0.08,6.26987934856102,20.069259613780737,-13.728664158655777,14.073909208847914
100.0,100.0,0.2526315789473684,0.26666666666666666,0.1,6.554823833320214,19.8658419495009,-14.817454259327697,14.419516264100794
100.0,100.0,0.2526315789473684,0.48333333333333334,0.0,6.997826266754885,27.628596212048073,-7.220540570843779,22.475525318867568
100.0,100.0,0.2526315789473684,0.48333333333333334,0.02,7.455689290030847,27.45376687687564,-8.139332356433625,23.308320093194585
100.0,100.0,0.2526315789473684,0.48333333333333334,0.04,7.930050863493491,27.197531492903547,-9.104427212055217,24.124887255796374
100.0,100.0,0.2526315789473684,0.48333333333333334,0.06,8.420557219977624,26.86219265719476,-10.114052178968457,24.922324678005484
100.0,100.0,0.2526315789473684,0.48333333333333334,0.08,8.926797796500864,26.45074174915218,-11.166155283372355,25.697859092765942
100.0,100.0,0.2526315789473684,0.48333333333333334,0.1,9.448308056439203,25.966814505674087,-12.25842558839869,26.448870266584304
100.0,100.0,0.2526315789473684,0.7000000000000001,0.0,8.416642613873414,33.192026893791045,-5.98953868760139,32.0541750851443
100.0,100.0,0.2526315789473684,0.7000000000000001,0.02,9.071518406801744,32.888271895920575,-6.889794144735483,33.42739361782256
100.0,100.0,0.2526315789473684,0.7000000000000001,0.04,9.753473696968854,32.44464439341702,-7.841011259546621,34.76092527338054
100.0,100.0,0.2526315789473684,0.7000000000000001,0.06,10.461644102829126,31.866888918008787,-8.840225335604288,36.04777505290871
100.0,100.0,0.2526315789473684,0.7000000000000001,0.08,11.195029797740148,31.162407204680253,-9.88402383239313,37.28140768394475
100.0,100.0,0.2526315789473684,0.7000000000000001,0.1,11.952505526951647,30.340100414547226,-10.96859508373218,38.455828220381406
100.0,100.0,0.2526315789473684,0.9166666666666667,0.0,9.62599840998292,37.91750750594456,-5.224996249622982,41.4214173954245
100.0,100.0,0.2526315789473684,0.9166666666666667,0.02,10.474131613928805,37.46374771231129,-6.108950620828969,43.38042667515123
100.0,100.0,0.2526315789473684,0.9166666666666667,0.04,11.360710433070807,36.8033711945875,-7.0466130693750255,45.26371064641016
100.0,100.0,0.2526315789473684,0.9166666666666667,0.06,12.28408761685808,35.94751939709397,-8.033704882762216,47.05816972668106
100.0,100.0,0.2526315789473684,0.9166666666666667,0.08,13.24236511288882,34.91042970865686,-9.065331348620997,48.75185725068372
100.0,100.0,0.2526315789473684,0.9166666666666667,0.1,14.233419057866136,33.709041624409366,-10.136073757350477,50.33416739049386
100.0,100.0,0.2526315789473684,1.1333333333333335,0.0,10.697177737463015,42.088379155049225,-4.69096485938629,50.60493261543764
100.0,100.0,0.2526315789473684,1.1333333333333335,0.02,11.735207498578774,41.46653992042559,-5.56011091749577,53.179015651897046
100.0,100.0,0.2526315789473684,1.1333333333333335,0.04,12.82350167562354,40.564730729680186,-6.484475642867261,55.627660208564805
100.0,100.0,0.2526315789473684,1.1333333333333335,0.06,13.95933557636176,39.40166724798177,-7.4583800844095265,57.92963428870959
100.0,100.0,0.2526315789473684,1.1333333333333335,0.08,15.139582852709857,38.00106803845247,-8.475371053807486,60.06607021910219
100.0,100.0,0.2526315789473684,1.1333333333333335,0.1,16.360766481769893,36.39085077111489,-9.528371574621808,62.02082073132312
100.0,100.0,0.2526315789473684,1.35,0.0,11.668302903346778,45.85635833212189,-4.29065341119269,59.62389554024092
100.0,100.0,0.2526315789473684,1.35,0.02,12.89314475447199,45.0504691126762,-5.146085488506581,62.831491867818336
100.0,100.0,0.2526315789473684,1.35,0.04,14.180297544630257,43.885852029490465,-6.057373387861183,65.84945069455561
100.0,100.0,0.2526315789473684,1.35,0.06,15.525648731240743,42.391151403980786,-7.017376606349508,68.64644437132549
100.0,100.0,0.2526315789473684,1.35,0.08,16.92450066005469,40.6023670205125,-8.018038629597854,71.19540131575988
100.0,100.0,0.2526315789473684,1.35,0.1,18.371661849654345,38.561414307010594,-9.05061103143828,73.47409401029816
100.0,100.0,0.2526315789473684,1.5666666666666667,0.0,12.562603617666333,49.31400648254782,-3.976045315502175,68.49262716616137
100.0,100.0,0.2526315789473684,1.5666666666666667,0.02,13.971381864868533,48.30968452443852,-4.818614109511306,72.34430824859857
100.0,100.0,0.2526315789473684,1.5666666666666667,0.04,15.45458177759037,46.863404500532766,-5.717023584161277,75.92705862358166
100.0,100.0,0.2526315789473684,1.5666666666666667,0.06,17.006381360058967,45.01623722975071,-6.662628825855917,79.19761581717202
100.0,100.0,0.2526315789473684,1.5666666666666667,0.08,18.62016156393586,42.81936935574305,-7.645748441767829,82.11970975625377
100.0,100.0,0.2526315789473684,1.5666666666666667,0.1,20.288655454808328,40.33174970947385,-8.655977194091033,84.66494132002065
100.0,100.0,0.2526315789473684,1.7833333333333334,0.0,13.395479955744932,52.522762238841075,-3.720254678993169,77.22236370612744
100.0,100.0,0.2526315789473684,1.7833333333333334,0.02,14.985484573243042,51.30688284856025,-4.550648798665902,81.72271392522387
100.0,100.0,0.2526315789473684,1.7833333333333334,0.04,16.66196134640213,49.562097953813634,-5.43636289969293,85.85929100277554
100.0,100.0,0.2526315789473684,1.7833333333333334,0.06,18.41704954726103,47.34451953291614,-6.367219093853624,89.57522814421777
100.0,100.0,0.2526315789473684,1.7833333333333334,0.08,20.24185600069235,44.72349402319288,-7.33190751663297,92.82439519709492
100.0,100.0,0.2526315789473684,1.7833333333333334,0.1,22.126682876549765,41.77800691280851,-8.318401789651485,95.57261265716707
100.0,100.0,0.2526315789473684,2.0,0.0,14.177765471883639,55.52589921314248,-3.5068988976721553,85.82223452811635
100.0,100.0,0.2526315789473684,2.0,0.02,15.94642256883239,54.086369460336435,-4.3256925163989,90.97112873250205
100.0,100.0,0.2526315789473684,2.0,0.04,17.813444332882938,52.027900353317165,-5.19888312609275,95.64552360995177
100.0,100.0,0.2526315789473684,2.0,0.06,19.768597116624676,49.42435477746073,-6.114742717122631,99.7734840217143
100.0,100.0,0.2526315789473684,2.0,0.08,21.800361703941128,46.36624827216662,-7.060343572611991,103.29872362240512
100.0,100.0,0.2526315789473684,2.0,0.1,23.89626348542577,42.95553610430684,-8.02209005667982,106.18217658078781
100.0,100.0,0.28157894736842104,0.05,0.0,2.5114441042283175,8.916201134615127,-25.10614530010049,2.437213897394292
100.0,100.0,0.28157894736842104,0.05,0.02,2.5604805033613687,8.910620229524117,-26.076997784364803,2.466417845183028
100.0,100.0,0.28157894736842104,0.05,0.04,2.6101004648186574,8.902796811891172,-27.06485659830228,2.4955688112872103
100.0,100.0,0.28157894736842104,0.05,0.06,2.6603028499470085,8.89273679528538,-28.069665338701178,2.5246588985769525
100.0,100.0,0.28157894736842104,0.05,0.08,2.711086362459554,8.880447778780635,-29.09135976397441,2.553680241800983
100.0,100.0,0.28157894736842104,0.05,0.1,2.76244954913264,8.865939037389568,-30.129867842850157,2.582625013521344
100.0,100.0,0.28157894736842104,0.26666666666666666,0.0,5.795783448610067,20.54691571202999,-10.847960433489519,12.56056220685199
100.0,100.0,0.28157894736842104,0.26666666666666666,0.02,6.050206940729076,20.478417193813108,-11.777892344211166,12.881285659350455
100.0,100.0,0.28157894736842104,0.26666666666666666,0.04,6.311013154990924,20.38270714161044,-12.741077501707133,13.19875140987923
100.0,100.0,0.28157894736842104,0.26666666666666666,0.06,6.5781319883731655,20.260169482462388,-13.736874640620538,13.512466210722652
100.0,100.0,0.28157894736842104,0.26666666666666666,0.08,6.851483578468454,20.111293994496883,-14.764553670910905,13.821947695615842
100.0,100.0,0.28157894736842104,0.26666666666666666,0.1,7.130978540352714,19.93667304577991,-15.823298753614445,14.126726291676453
100.0,100.0,0.28157894736842104,0.48333333333333334,0.0,7.797234673695087,27.602795348106074,-8.040378681254127,22.28233495385702
100.0,100.0,0.28157894736842104,0.48333333333333334,0.02,8.250162849274595,27.436232969570526,-8.943931021530862,23.0083597038349
100.0,100.0,0.28157894736842104,0.48333333333333334,0.04,8.71747705759799,27.204259644873837,-9.887372779725933,23.720586154095134
100.0,100.0,0.28157894736842104,0.48333333333333334,0.06,9.19888045717012,26.908553559871812,-10.869222362857151,24.416939701386905
100.0,100.0,0.28157894736842104,0.48333333333333334,0.08,9.694035540292134,26.5512399989954,-11.887799100297725,25.095430750277256
100.0,100.0,0.28157894736842104,0.48333333333333334,0.1,10.202565975263461,26.13486591047116,-12.941236326815261,25.754168749513926
100.0,100.0,0.28157894736842104,0.7000000000000001,0.0,9.376826428047778,33.14714516594066,-6.6668130314955825,31.71811075018328
100.0,100.0,0.28157894736842104,0.7000000000000001,0.02,10.023129685014098,32.857855557592174,-7.5488300696069,32.907042918980814
100.0,100.0,0.28157894736842104,0.7000000000000001,0.04,10.692884049931997,32.45626917211231,-8.474279749322491,34.0623692507746
100.0,100.0,0.28157894736842104,0.7000000000000001,0.06,11.385367160375395,31.946572582345844,-9.440696899611192,35.17911149741554
100.0,100.0,0.28157894736842104,0.7000000000000001,0.08,12.099760035698438,31.33402896981378,-10.445298558898875,36.25259430204157
100.0,100.0,0.28157894736842104,0.7000000000000001,0.1,12.835153611206785,30.624887669455813,-11.485015734399319,37.27849197458771
100.0,100.0,0.28157894736842104,0.9166666666666667,0.0,10.722656154790634,37.85038037993443,-5.813383780841603,40.91878259572096
100.0,100.0,0.28157894736842104,0.9166666666666667,0.02,11.55798557526299,37.418381939116074,-6.67658257640841,42.60431978590608
100.0,100.0,0.28157894736842104,0.9166666666666667,0.04,12.42640286166747,36.82064017733412,-7.5850878224543115,44.2259654825138
100.0,100.0,0.28157894736842104,0.9166666666666667,0.06,13.326536208665011,36.065274542449444,-8.535357097999485,45.774438645414136
100.0,100.0,0.28157894736842104,0.9166666666666667,0.08,14.256835581551087,35.16241749686815,-9.523413388084336,47.24121691119289
100.0,100.0,0.28157894736842104,0.9166666666666667,0.1,15.215589007512193,34.12398841905503,-10.544905011566719,48.618645577446394
100.0,100.0,0.28157894736842104,1.1333333333333335,0.0,11.914216071311714,41.99627572974071,-5.217029608841628,49.91527755959004
100.0,100.0,0.28157894736842104,1.1333333333333335,0.02,12.934702307984779,41.404467462433296,-6.06322489531443,52.11708495726755
100.0,100.0,0.28157894736842104,1.1333333333333335,0.04,13.998195893203167,40.58826485457923,-6.9555321462210395,54.21339964380743
100.0,100.0,0.28157894736842104,1.1333333333333335,0.06,15.10243483539059,39.561306522767204,-7.889267978530361,56.18924753446039
100.0,100.0,0.28157894736842104,1.1333333333333335,0.08,16.2448728230263,38.34048689460805,-8.859206165640966,58.03120854631072
100.0,100.0,0.28157894736842104,1.1333333333333335,0.1,17.422712437999806,36.94549413051777,-9.859675560283346,59.727622946824425
100.0,100.0,0.28157894736842104,1.35,0.0,12.994024567100354,45.73684995722535,-4.769827432186268,58.72903341720726
100.0,100.0,0.28157894736842104,1.35,0.02,14.196134269988917,44.97015083320776,-5.600349537542516,61.457400418775826
100.0,100.0,0.28157894736842104,1.35,0.04,15.451260005927416,43.916182152889846,-6.477041905611756,64.02676002626478
100.0,100.0,0.28157894736842104,1.35,0.06,16.75599739670782,42.595816811978345,-7.39403699809437,66.41512195533205
100.0,100.0,0.28157894736842104,1.35,0.08,18.106529559715035,41.034718914231256,-8.344829396221055,68.6032900773036
100.0,100.0,0.28157894736842104,1.35,0.1,19.498686543249015,39.262514922357745,-9.322421553010674,70.57520285127201
100.0,100.0,0.28157894736842104,1.5666666666666667,0.0,13.987993984203612,49.164891597195975,-4.4182335393896714,67.37607137904051
100.0,100.0,0.28157894736842104,1.5666666666666667,0.02,15.368447585527207,48.209746687355675,-5.234116483486209,70.63454807832379
100.0,100.0,0.28157894736842104,1.5666666666666667,0.04,16.811875939058048,46.90099260228193,-6.095676059140033,73.66816072275986
100.0,100.0,0.28157894736842104,1.5666666666666667,0.06,18.313472430287014,45.26855582574414,-6.995832448374171,76.44668922170082
100.0,100.0,0.28157894736842104,1.5666666666666667,0.08,19.867870912379665,43.34895836437249,-7.9267895374327,78.94449886373924
100.0,100.0,0.28157894736842104,1.5666666666666667,0.1,21.469242773110416,41.18396098179004,-8.880238105580815,81.1410484121933
100.0,100.0,0.28157894736842104,1.7833333333333334,0.0,14.913305426374201,52.3420184851482,-4.132264617248541,75.86896932814966
100.0,100.0,0.28157894736842104,1.7833333333333334,0.02,16.46902470739549,51.18608334981607,-4.9343452168426225,79.6560284296304
100.0,100.0,0.28157894736842104,1.7833333333333334,0.04,18.09752278318421,49.60735083598973,-5.78118602735287,83.1397233428078
100.0,100.0,0.28157894736842104,1.7833333333333334,0.06,19.792326164399896,47.646705107700285,-6.664478395186188,86.28053227525768
100.0,100.0,0.28157894736842104,1.7833333333333334,0.08,21.546239848163758,45.35366775924389,-7.57513812148532,89.0459662897041
100.0,100.0,0.28157894736842104,1.7833333333333334,0.1,23.351495467015468,42.78432235509512,-8.503575292934386,91.41127046090212
100.0,100.0,0.28157894736842104,2.0,0.0,15.78204718125231,55.311650649617725,-3.8936490917822995,84.21795281874769
100.0,100.0,0.28157894736842104,2.0,0.02,17.510119334951376,53.94357457967556,-4.682624886945016,88.52811500862761
100.0,100.0,0.28157894736842104,2.0,0.04,19.320538394366892,52.081179150627605,-5.515112239445183,92.44356693551069
100.0,100.0,0.28157894736842104,2.0,0.06,21.204896798074785,49.77827920349657,-6.3815662591628595,95.91457980599594
100.0,100.0,0.28157894736842104,2.0,0.08,23.15389290593241,47.099569160779716,-7.2716283359401315,98.90166398726268
100.0,100.0,0.28157894736842104,2.0,0.1,25.157545619204086,44.11760966147126,-8.174471283794084,101.37647523144187
100.0,100.0,0.31052631578947365,0.05,0.0,2.769531064734963,8.915246043900867,-27.684185083692164,2.430761723381626
100.0,100.0,0.31052631578947365,0.05,0.02,2.818408952361189,8.909865482175164,-28.650284933588836,2.4570197749806915
100.0,100.0,0.31052631578947365,0.05,0.04,2.8678115455178244,8.902641464564315,-29.63162958365166,2.483231294742563
100.0,100.0,0.31052631578947365,0.05,0.06,2.917737854732678,8.893578480886939,-30.628170081556718,2.5093904025108906
100.0,100.0,0.31052631578947365,0.05,0.08,2.968186773145959,8.882682160463798,-31.63985164064687,2.535491240293635
100.0,100.0,0.31052631578947365,0.05,0.1,3.019157076990041,8.869959266290612,-32.666613673438476,2.5615279758996032
100.0,100.0,0.31052631578947365,0.26666666666666666,0.0,6.390395480599437,20.535180002873876,-11.956338356936435,12.481280602586743
100.0,100.0,0.31052631578947365,0.26666666666666666,0.02,6.642873837557545,20.469167889379868,-12.875362142318268,12.766112931777041
100.0,100.0,0.31052631578947365,0.26666666666666666,0.04,6.901021078274454,20.38081034180605,-13.8236747829336,13.048107533161023
100.0,100.0,0.31052631578947365,0.26666666666666666,0.06,7.164776783850165,20.270398768514813,-14.800725271737013,13.32689913130015
100.0,100.0,0.31052631578947365,0.26666666666666666,0.08,7.43407330339965,20.138296122823885,-15.805896940303949,13.602130001234357
100.0,100.0,0.31052631578947365,0.26666666666666666,0.1,7.708835916818359,19.984934915250324,-16.83850957123922,13.873451137345747
100.0,100.0,0.31052631578947365,0.48333333333333334,0.0,8.595856130486794,27.574226482772417,-8.857782372868817,22.089334768465694
100.0,100.0,0.31052631578947365,0.48333333333333334,0.02,9.044055429609273,27.41377680988768,-9.746739735687022,22.72873241286974
100.0,100.0,0.31052631578947365,0.48333333333333334,0.04,9.504925701623598,27.19967127796475,-10.670387116133428,23.35617291205611
100.0,100.0,0.31052631578947365,0.48333333333333334,0.06,9.978212430234912,26.93318329185704,-11.627459523916691,23.970127997359672
100.0,100.0,0.31052631578947365,0.48333333333333334,0.08,10.463631107804915,26.615888372859427,-12.616545809008722,24.569128275961486
100.0,100.0,0.31052631578947365,0.48333333333333334,0.1,10.960868499408939,26.249648645992778,-13.636097630615724,25.151771790601252
100.0,100.0,0.31052631578947365,0.7000000000000001,0.0,10.335641610223924,33.09747031534785,-7.341168227840311,31.382525436421627
100.0,100.0,0.31052631578947365,0.7000000000000001,0.02,10.973733294709398,32.818913237488395,-8.205729403320362,32.422123719921224
100.0,100.0,0.31052631578947365,0.7000000000000001,0.04,11.632333191583228,32.44834133537428,-9.107629796777127,33.432722839186425
100.0,100.0,0.31052631578947365,0.7000000000000001,0.06,12.310824514253746,31.988930438435368,-10.044775497570276,34.410674845877494
100.0,100.0,0.31052631578947365,0.7000000000000001,0.08,13.008519561447905,31.444583660185835,-11.014840933678894,35.352541197619125
100.0,100.0,0.31052631578947365,0.7000000000000001,0.1,13.724664194604436,30.819876195449623,-12.015290606337862,36.25512120406168
100.0,100.0,0.31052631578947365,0.9166666666666667,0.0,11.817267363868382,37.77611723877991,-6.398442824176118,40.417085791560325
100.0,100.0,0.31052631578947365,0.9166666666666667,0.02,12.640336850802598,37.36031869172942,-7.24178944064473,41.88129636129987
100.0,100.0,0.31052631578947365,0.9166666666666667,0.04,13.492152912289946,36.80886291315511,-8.123654547289789,43.29057601511792
100.0,100.0,0.31052631578947365,0.9166666666666667,0.06,14.371548471714519,36.127907283860985,-9.041042820252846,44.63816020352092
100.0,100.0,0.31052631578947365,0.9166666666666667,0.08,15.277226279748263,35.324968608112854,-9.990644528098336,45.91780798494284
100.0,100.0,0.31052631578947365,0.9166666666666667,0.1,16.207770062846954,34.408785046034225,-10.968876474988502,47.12386809837654
100.0,100.0,0.31052631578947365,1.1333333333333335,0.0,13.12844702501966,41.89442613524814,-5.739406676423312,49.22721335248887
100.0,100.0,0.31052631578947365,1.1333333333333335,0.02,14.132141378671378,41.325047429669574,-6.563664349256091,51.128111587164724
100.0,100.0,0.31052631578947365,1.1333333333333335,0.04,15.172968638177814,40.57221454652178,-7.426689422784517,52.93861314700092
100.0,100.0,0.31052631578947365,1.1333333333333335,0.06,16.24901066155371,39.64626722899798,-8.324538080125715,54.64786403493834
100.0,100.0,0.31052631578947365,1.1333333333333335,0.08,17.358142706790176,38.55974314976151,-9.252877027852291,56.246080948216836
100.0,100.0,0.31052631578947365,1.1333333333333335,0.1,18.498056131419894,37.327095568287945,-10.207050288370183,57.7246759384852
100.0,100.0,0.31052631578947365,1.35,0.0,14.31610433137864,45.60475381766158,-5.244991179809031,57.83662957631942
100.0,100.0,0.31052631578947365,1.35,0.02,15.496464209029703,44.86741933270063,-6.051718409982608,60.178132064702844
100.0,100.0,0.31052631578947365,1.35,0.04,16.722323671458994,43.89549659909299,-6.896818799841165,62.38379901131788
100.0,100.0,0.31052631578947365,1.35,0.06,17.99080451072375,42.704805051396626,-7.775370202481996,64.43778139652909
100.0,100.0,0.31052631578947365,1.35,0.08,19.298730375798968,41.31439730302467,-8.681997010340327,66.32615215217542
100.0,100.0,0.31052631578947365,1.35,0.1,20.64266734256396,39.74605238522315,-9.610969411753299,68.03711098687572
100.0,100.0,0.31052631578947365,1.5666666666666667,0.0,15.408841224636738,49.000143256961124,-4.856117220874646,66.26307437403455
100.0,100.0,0.31052631578947365,1.5666666666666667,0.02,16.76220460801938,48.08196244603127,-5.646525484876176,69.04329662461907
100.0,100.0,0.31052631578947365,1.5666666666666667,0.04,18.16929552326163,46.87535655726924,-6.474443572443662,71.63197609095887
100.0,100.0,0.31052631578947365,1.5666666666666667,0.06,19.62606165599602,45.40299977439493,-7.333953711311027,74.00746152534495
100.0,100.0,0.31052631578947365,1.5666666666666667,0.08,21.128048571651753,43.69201510864579,-8.218634224432986,76.15125055490141
100.0,100.0,0.31052631578947365,1.5666666666666667,0.1,22.670465890858807,41.77314435830893,-9.121697680625878,78.04829391383454
100.0,100.0,0.31052631578947365,1.7833333333333334,0.0,16.425625339822894,52.14241339503786,-4.539698559233497,74.52048407199126
100.0,100.0,0.31052631578947365,1.7833333333333334,0.02,17.94856611726096,51.03167506277161,-5.314768294799436,77.73322180774915
100.0,100.0,0.31052631578947365,1.7833333333333334,0.04,19.533235218764496,49.57648667093673,-6.126130086840601,80.68825275857768
100.0,100.0,0.31052631578947365,1.7833333333333334,0.06,21.17418951265281,47.807815116608914,-6.966862775096857,83.35743780894934
100.0,100.0,0.31052631578947365,1.7833333333333334,0.08,22.86547047429309,45.762450632046054,-7.829506188143492,85.71745963403039
100.0,100.0,0.31052631578947365,1.7833333333333334,0.1,24.60070506408399,43.48173628285888,-8.706244315155141,87.75024009337176
100.0,100.0,0.31052631578947365,2.0,0.0,17.37980419744263,55.07514882251886,-4.275570763853437,82.62019580255736
100.0,100.0,0.31052631578947365,2.0,0.02,19.069090053438963,53.76111098245596,-5.036119177332093,86.25592457993281
100.0,100.0,0.31052631578947365,2.0,0.04,20.82781023590246,52.04484036944996,-5.831467533596214,89.55721998260373
100.0,100.0,0.31052631578947365,2.0,0.06,22.648913243110812,49.967085340458716,-6.653690987383853,92.48890856687126
100.0,100.0,0.31052631578947365,2.0,0.08,24.524713085297144,47.57592531519713,-7.494307229884123,95.02282569458235
100.0,100.0,0.31052631578947365,2.0,0.1,26.44703524889406,44.92492499942624,-8.344510417393863,97.13835111192601
100.0,100.0,0.33947368421052626,0.05,0.0,3.0275890278590936,8.91419768434075,-30.261355296840964,2.4243102743035227
100.0,100.0,0.33947368421052626,0.05,0.02,3.0763134520386757,8.908968602488267,-31.222854182884923,2.4481256071474045
100.0,100.0,0.33947368421052626,0.05,0.04,3.125513775672438,8.902197501945029,-32.198137411202325,2.471899469565124
100.0,100.0,0.33947368421052626,0.05,0.06,3.1751891243903856,8.893887903809432,-33.18716177807758,2.4956273678844583
100.0,100.0,0.33947368421052626,0.05,0.08,3.2253385341054894,8.8840441267845,-34.18987962323119,2.519304824466859
100.0,100.0,0.33947368421052626,0.05,0.1,3.275960951357696,8.872671283437198,-35.20623885384255,2.542927380034453
100.0,100.0,0.33947368421052626,0.26666666666666666,0.0,6.984651293006138,20.522304520210852,-13.062716857436843,12.402046494265848
100.0,100.0,0.33947368421052626,0.26666666666666666,0.02,7.235247298304678,20.45818119009969,-13.971188465648593,12.657159354073777
100.0,100.0,0.33947368421052626,0.26666666666666666,0.04,7.490920943742417,20.37539032326523,-14.905668616398474,12.909763855993729
100.0,100.0,0.33947368421052626,0.26666666666666666,0.06,7.751619279413603,20.27416034329728,-15.86567590202613,13.15958256999882
100.0,100.0,0.33947368421052626,0.26666666666666666,0.08,8.017283860036457,20.154769702262723,-16.85067916423217,13.406343514679193
100.0,100.0,0.33947368421052626,0.26666666666666666,0.1,8.28785086141751,20.01754560457927,-17.860099004483388,13.649780902428613
100.0,100.0,0.33947368421052626,0.48333333333333334,0.0,9.393610633923217,27.54289826296627,-9.67250601430848,21.896544096801893
100.0,100.0,0.33947368421052626,0.48333333333333334,0.02,9.837235726676795,27.387113182913957,-10.547355157653788,22.464311007604724
100.0,100.0,0.33947368421052626,0.48333333333333334,0.04,10.292112972297275,27.186562141874916,-11.452600882161944,23.02156385128147
100.0,100.0,0.33947368421052626,0.48333333333333334,0.06,10.758020485565673,26.942242825636487,-12.38714513078325,23.56714883480864
100.0,100.0,0.33947368421052626,0.48333333333333334,0.08,11.234713719957007,26.655363953585468,-13.349780000622198,24.099954553991708
100.0,100.0,0.33947368421052626,0.48333333333333334,0.1,11.7219263703279,26.32733531878022,-14.339194139811,24.618917428525343
100.0,100.0,0.33947368421052626,0.7000000000000001,0.0,11.292949721770995,33.04302408184721,-8.012312230372723,31.04746759738015
100.0,100.0,0.33947368421052626,0.7000000000000001,0.02,11.923101947230201,32.77269311042707,-8.860012294420233,31.963758512268
100.0,100.0,0.33947368421052626,0.7000000000000001,0.04,12.571330761917359,32.42569451218408,-9.740030484667209,32.854658742473994
100.0,100.0,0.33947368421052626,0.7000000000000001,0.06,13.237100742112155,32.00451526285066,-10.65055885726412,33.71743077098198
100.0,100.0,0.33947368421052626,0.7000000000000001,0.08,13.919823186716357,31.512149785236655,-11.589616848075092,34.54948751448062
100.0,100.0,0.33947368421052626,0.7000000000000001,0.1,14.61885930859745,30.952064503408952,-12.555066737018283,35.34841030465753
100.0,100.0,0.33947368421052626,0.9166666666666667,0.0,12.909626073683675,37.69476057429585,-6.97984322595813,39.91642138289498
100.0,100.0,0.33947368421052626,0.9166666666666667,0.02,13.720847166883821,37.2914318598386,-7.804028389018045,41.19814042303024
100.0,100.0,0.33947368421052626,0.9166666666666667,0.04,14.557232176044963,36.77522464189127,-8.661150794605257,42.43194324904682
100.0,100.0,0.33947368421052626,0.9166666666666667,0.06,15.41777173800304,36.15095835651093,-9.54863628804466,43.61278478102056
100.0,100.0,0.33947368421052626,0.9166666666666667,0.08,16.301359267629692,35.42439980644762,-10.463678595686277,44.73599528447968
100.0,100.0,0.33947368421052626,0.9166666666666667,0.1,17.206798889551877,34.60217450076579,-11.403268388017397,45.79732192614036
100.0,100.0,0.33947368421052626,1.1333333333333335,0.0,14.33958949752676,41.78290230575562,-6.257733433563244,48.54089928473485
100.0,100.0,0.33947368421052626,1.1333333333333335,0.02,15.327062854751247,41.23086052339931,-7.060832634618271,50.19404616881768
100.0,100.0,0.33947368421052626,1.1333333333333335,0.04,16.34682728676576,40.52637827479634,-7.896673896115598,51.76860696509347
100.0,100.0,0.33947368421052626,1.1333333333333335,0.06,17.397229431790983,39.677544553956515,-8.761882413225187,53.256538109595915
100.0,100.0,0.33947368421052626,1.1333333333333335,0.08,18.476462574550276,38.69397809394155,-9.652798770187486,54.65056195070773
100.0,100.0,0.33947368421052626,1.1333333333333335,0.1,19.58258276718079,37.58664604682118,-10.565526243131064,55.94424470232841
100.0,100.0,0.33947368421052626,1.35,0.0,15.634179394543274,45.460180866419314,-5.715753734666754,56.9469289086833
100.0,100.0,0.33947368421052626,1.35,0.02,16.793538239426688,44.74563548722545,-6.499548419607926,58.97037504379275
100.0,100.0,0.33947368421052626,1.35,0.04,17.992209339787763,43.83643166436848,-7.31533452916122,60.87610336236446
100.0,100.0,0.33947368421052626,1.35,0.06,19.227719500872695,42.744939092425355,-8.158916867904638,62.652446569019524
100.0,100.0,0.33947368421052626,1.35,0.08,20.49737566597623,41.4857746202353,-9.025772686807146,64.28910938575297
100.0,100.0,0.33947368421052626,1.35,0.1,21.798293677938396,40.075476787728,-9.91112181746308,65.77729577763434
100.0,100.0,0.33947368421052626,1.5666666666666667,0.0,16.824695076475827,48.81992178949802,-5.289280440239566,65.1539888567606
100.0,100.0,0.33947368421052626,1.5666666666666667,0.02,18.15191252842488,47.93054046128174,-6.055155699614277,67.54160088829316
100.0,100.0,0.33947368421052626,1.5666666666666667,0.04,19.525255296502472,46.802166806906726,-6.851872531568804,69.76370754924196
100.0,100.0,0.33947368421052626,1.5666666666666667,0.06,20.94125144537793,45.45252155730511,-7.674406188232963,71.80448144511017
100.0,100.0,0.33947368421052626,1.5666666666666667,0.08,22.396134566907456,43.90241291245205,-8.517372770552738,73.6503384829794
100.0,100.0,0.33947368421052626,1.5666666666666667,0.1,23.885890612702916,42.17520342133373,-9.375126624170669,75.29012533983104
100.0,100.0,0.33947368421052626,1.7833333333333334,0.0,17.931896856505844,51.924167722989274,-4.942118275650969,73.17739196961563
100.0,100.0,0.33947368421052626,1.7833333333333334,0.02,19.42321576998262,50.84877753871334,-5.691195220724954,75.91936096459665
100.0,100.0,0.33947368421052626,1.7833333333333334,0.04,20.96719026245394,49.48838372322227,-6.469667158419024,78.43927812768354
100.0,100.0,0.33947368421052626,1.7833333333333334,0.06,22.559169665224665,47.86717585418563,-7.271678577712835,80.7167254489076
100.0,100.0,0.33947368421052626,1.7833333333333334,0.08,24.19412872830717,46.01337839478249,-8.090995845816906,82.73471310477369
100.0,100.0,0.33947368421052626,1.7833333333333334,0.1,25.86673888932026,43.95843462670693,-8.921136052444457,84.47993416098063
100.0,100.0,0.33947368421052626,2.0,0.0,18.970396521826977,54.816686594094634,-4.652205638577766,81.02960347817302
100.0,100.0,0.33947368421052626,2.0,0.02,20.622281363623117,53.545068558365394,-5.385418807339271,84.11333836358936
100.0,100.0,0.33947368421052626,2.0,0.04,22.333013113439968,51.94112504495368,-6.146354918724655,86.90968242310699
100.0,100.0,0.33947368421052626,2.0,0.06,24.09658280786529,50.036670178755706,-6.928332641090416,89.39331494293748
100.0,100.0,0.33947368421052626,2.0,0.08,25.906524136041867,47.8685888132013,-7.724287084468024,91.54388834684917
100.0,100.0,0.33947368421052626,2.0,0.1,27.75601638526465,45.47765089227352,-8.526933975732275,93.34635102644442
100.0,100.0,0.36842105263157887,0.05,0.0,3.2856152941826053,8.91305608886285,-32.83757506423155,2.4178596176454348
100.0,100.0,0.36842105263157887,0.05,0.02,3.3341901179082996,8.907944371422033,-33.79458914752983,2.4396168162532277
100.0,100.0,0.36842105263157887,0.05,0.04,3.3831997175622135,8.901523876667481,-34.764157266373026,2.4613366246292068
100.0,100.0,0.36842105263157887,0.05,0.06,3.4326433102257,8.893797439173518,-35.74624078421197,2.4830155332404047
100.0,100.0,0.36842105263157887,0.05,0.08,3.4825200429066854,8.884768468263918,-36.74079758590759,2.504650044531908
100.0,100.0,0.36842105263157887,0.05,0.1,3.532828992794613,8.874440945504723,-37.747782095538014,2.526236674470833
100.0,100.0,0.36842105263157887,0.26666666666666666,0.0,7.578517923086643,20.508291416718595,-14.166911833917451,12.32286427692178
100.0,100.0,0.36842105263157887,0.26666666666666666,0.02,7.827279876921587,20.44564030799864,-15.065106262196625,12.552975395967541
100.0,100.0,0.36842105263157887,0.26666666666666666,0.04,8.080621984580183,20.36716875603227,-15.986552307673847,12.78084348171212
100.0,100.0,0.36842105263157887,0.26666666666666666,0.06,8.338497227098344,20.273060529352385,-16.930823814325144,13.00625333904741
100.0,100.0,0.36842105263157887,0.26666666666666666,0.08,8.600854321365837,20.1635353888182,-17.89745614836598,13.228993831704333
100.0,100.0,0.36842105263157887,0.26666666666666666,0.1,8.867637806248496,20.038848232559314,-18.88594731416749,13.448858374293524
100.0,100.0,0.36842105263157887,0.48333333333333334,0.0,10.190418443102416,27.508820163888675,-10.484305325620001,21.703982209583582
100.0,100.0,0.36842105263157887,0.48333333333333334,0.02,10.62958892989274,27.356691925180055,-11.34542541627223,22.211583336762658
100.0,100.0,0.36842105263157887,0.48333333333333334,0.04,11.078819420804365,27.166682443782623,-12.233342383788905,22.70983202353809
100.0,100.0,0.36842105263157887,0.48333333333333334,0.06,11.537913927436094,26.93959384651542,-13.14709058538193,23.19783925112874
100.0,100.0,0.36842105263157887,0.48333333333333334,0.08,12.006658989817396,26.67637982747802,-14.085620209038376,23.674747493528102
100.0,100.0,0.36842105263157887,0.48333333333333334,0.1,12.484824342309878,26.378138976601246,-15.047801985157104,24.13973428715179
100.0,100.0,0.36842105263157887,0.7000000000000001,0.0,12.24861298326907,32.983830268318975,-8.679955333768149,30.712985455855826
100.0,100.0,0.36842105263157887,0.7000000000000001,0.02,12.87103720674407,32.7199839412288,-9.511261200681908,31.52586888097003
100.0,100.0,0.36842105263157887,0.7000000000000001,0.04,13.509497795795923,32.39136047474915,-10.370685898417157,32.31626419385025
100.0,100.0,0.36842105263157887,0.7000000000000001,0.06,14.163523861420423,31.99995806625243,-11.2566481333878,33.082076265065155
100.0,100.0,0.36842105263157887,0.7000000000000001,0.08,14.832603706374435,31.54813871160858,-12.16743564557515,33.821321444420725
100.0,100.0,0.36842105263157887,0.7000000000000001,0.1,15.516187173936409,31.038604470221077,-13.101216565208599,34.53213930078981
100.0,100.0,0.36842105263157887,0.9166666666666667,0.0,13.999527608646332,37.60635687270966,-7.55725831891773,39.41688317937043
100.0,100.0,0.36842105263157887,0.9166666666666667,0.02,14.799221641832212,37.21291040362111,-8.362828308203008,40.54580689963651
100.0,100.0,0.36842105263157887,0.9166666666666667,0.04,15.621077976919146,36.72424073271166,-9.196679806416402,41.63245271569502
100.0,100.0,0.36842105263157887,0.9166666666666667,0.06,16.464212272799315,36.144217576502676,-10.056572194581953,42.672986144335965
100.0,100.0,0.36842105263157887,0.9166666666666667,0.08,17.32766622554439,35.47738853421376,-10.940090647811612,43.66385016204217
100.0,100.0,0.36842105263157887,0.9166666666666667,0.1,18.210413392841012,34.7289197393646,-11.844667417099853,44.601792154410376
100.0,100.0,0.36842105263157887,1.1333333333333335,0.0,15.547364567234638,41.66178287331285,-6.771652015012149,47.85649341190038
100.0,100.0,0.36842105263157887,1.1333333333333335,0.02,16.51906474086247,41.12355062970616,-7.554213283092639,49.30254076830699
100.0,100.0,0.36842105263157887,1.1333333333333335,0.04,17.51900541912515,40.45692533592917,-8.364503856686232,50.67948820819057
100.0,100.0,0.36842105263157887,1.1333333333333335,0.06,18.545743014792166,39.668397699278195,-9.199599175711931,51.98126634753502
100.0,100.0,0.36842105263157887,1.1333333333333335,0.08,19.597718110192694,38.765550783043984,-10.056363670886292,53.202370595897534
100.0,100.0,0.36842105263157887,1.1333333333333335,0.1,20.673267269057092,37.75693867396175,-10.931485303348477,54.33791131924798
100.0,100.0,0.36842105263157887,1.35,0.0,16.947890315236066,45.30325228826598,-6.181730331732198,56.06017403721565
100.0,100.0,0.36842105263157887,1.35,0.02,18.086838115799786,44.60694840303189,-6.943283849684157,57.81818772049223
100.0,100.0,0.36842105263157887,1.35,0.04,19.259929777462922,43.74695846823859,-7.7315342500827375,59.47302483656211
100.0,100.0,0.36842105263157887,1.35,0.06,20.46501279473837,42.73320152150862,-8.542861076058827,61.01594848739369
100.0,100.0,0.36842105263157887,1.35,0.08,21.69976986717998,41.57719773338804,-9.373404418322545,62.43923109415472
100.0,100.0,0.36842105263157887,1.35,0.1,22.961739927273143,40.29185069575958,-10.219115981581774,63.73623552232317
100.0,100.0,0.36842105263157887,1.5666666666666667,0.0,18.23511013086771,48.624402164053436,-5.7173149241048264,64.0491637308203
100.0,100.0,0.36842105263157887,1.5666666666666667,0.02,19.536928886554605,47.75818209371765,-6.459416963482594,66.10966917101796
100.0,100.0,0.36842105263157887,1.5666666666666667,0.04,20.878532409202492,46.691327099169364,-7.226844249726108,68.02555129792243
100.0,100.0,0.36842105263157887,1.5666666666666667,0.06,22.256908039252536,45.438037682170524,-8.015277478273992,69.78505355177691
100.0,100.0,0.36842105263157887,1.5666666666666667,0.08,23.668824224450518,44.01470903850282,-8.82013913419698,71.37806574112078
100.0,100.0,0.36842105263157887,1.5666666666666667,0.1,25.11086468622618,42.43957456674518,-9.63666420934753,72.79624227086143
100.0,100.0,0.36842105263157887,1.7833333333333334,0.0,19.431583817053493,51.687522185889215,-5.339094765881324,71.84017109646064
100.0,100.0,0.36842105263157887,1.7833333333333334,0.02,20.892199965006952,50.64068889964743,-6.063005304660335,74.19057523896942
100.0,100.0,0.36842105263157887,1.7833333333333334,0.04,22.397916463240286,49.35499551754015,-6.810622297449999,76.34750157965841
100.0,100.0,0.36842105263157887,1.7833333333333334,0.06,23.944709380913785,47.84981340654297,-7.576931324364807,78.29591472309404
100.0,100.0,0.36842105263157887,1.7833333333333334,0.08,25.528278867325156,46.14737481048505,-8.356651597114208,80.02328932819438
100.0,100.0,0.36842105263157887,1.7833333333333334,0.1,27.14410103491791,44.27222735647635,-9.144329247296364,81.51976855169717
100.0,100.0,0.36842105263157887,2.0,0.0,20.553193014401337,54.5365830473491,-5.023106333308468,79.44680698559866
100.0,100.0,0.36842105263157887,2.0,0.02,22.168782077153736,53.299384660943915,-5.729875854716173,82.07220043660769
100.0,100.0,0.36842105263157887,2.0,0.04,23.834415493652656,51.78414233952898,-6.458549556692134,84.44787495519705
100.0,100.0,0.36842105263157887,2.0,0.06,25.544908329741446,50.01631619410857,-7.203426737881971,86.55535908783773
100.0,100.0,0.36842105263157887,2.0,0.08,27.294742142883337,48.024951782687324,-7.9585433871149895,88.3798141256342
100.0,100.0,0.36842105263157887,2.0,0.1,29.078139766687755,45.841887879678225,-8.717790717173408,89.91023140721882
100.0,100.0,0.39736842105263154,0.05,0.0,3.5436071652829213,8.911821293320756,-35.412763560300895,2.411409820867927
100.0,100.0,0.39736842105263154,0.05,0.02,3.592035412168748,8.90680240585855,-36.36538385818701,2.4314094293727138
100.0,100.0,0.39736842105263154,0.05,0.04,3.6408633155983026,8.900658906144146,-37.32950776599996,2.4513750092181747
100.0,100.0,0.39736842105263154,0.05,0.06,3.690090167065165,8.89339312553274,-38.3051003631614,2.471303768523898
100.0,100.0,0.39736842105263154,0.05,0.08,3.7397152023154376,8.885007819879936,-39.29212396361704,2.4911929245983084
100.0,100.0,0.39736842105263154,0.05,0.1,3.789737601542072,8.875506167799712,-40.29053812940483,2.5110397049950945
100.0,100.0,0.39736842105263154,0.26666666666666666,0.0,8.171962473151368,20.493143034250238,-15.268739793610788,12.243738336913152
100.0,100.0,0.39736842105263154,0.26666666666666666,0.02,8.418928436691772,20.431665227217724,-16.156874899597153,12.45253489090877
100.0,100.0,0.39736842105263154,0.26666666666666666,0.04,8.670050370693765,20.356615781222416,-17.06591403147484,12.659306822839321
100.0,100.0,0.39736842105263154,0.26666666666666666,0.06,8.9252860786508,20.268145722804228,-17.995475942522226,12.863884215081857
100.0,100.0,0.39736842105263154,0.26666666666666666,0.08,9.184589996175653,20.166432605707804,-18.945149106371375,13.066100253772806
100.0,100.0,0.39736842105263154,0.26666666666666666,0.1,9.447913256438845,20.051679917137903,-19.914492564051418,13.265791563507854
100.0,100.0,0.39736842105263154,0.48333333333333334,0.0,10.986200103335818,27.472002484246552,-11.292937500330023,21.511668308360512
100.0,100.0,0.39736842105263154,0.48333333333333334,0.02,11.421010838190703,27.322809492176326,-12.14063199663512,21.96806491964977
100.0,100.0,0.39736842105263154,0.48333333333333334,0.04,11.86486671527426,27.14117497096039,-13.012066557223369,22.41606451990238
100.0,100.0,0.39736842105263154,0.48333333333333334,0.06,12.317592787864804,26.927757616536102,-13.906383058859387,22.85497025272071
100.0,100.0,0.39736842105263154,0.48333333333333334,0.08,12.77900040808587,26.68332758389508,-14.822657828285646,23.28410927229337
100.0,100.0,0.39736842105263154,0.48333333333333334,0.1,13.24888773146995,26.408761857419215,-15.759905205954109,23.702835155923353
100.0,100.0,0.39736842105263154,0.7000000000000001,0.0,13.202494333981434,32.919914723346466,-9.343810382002474,30.379126983106495
100.0,100.0,0.39736842105263154,0.7000000000000001,0.02,13.817359289845918,32.661308714473854,-10.159099284963924,31.10415813916155
100.0,100.0,0.39736842105263154,0.7000000000000001,0.04,14.446526624037851,32.34732325564442,-10.998951205930302,31.809086511599144
100.0,100.0,0.39736842105263154,0.7000000000000001,0.06,15.089577845594363,31.97959794880104,-11.86196870238118,32.49228200433839
100.0,100.0,0.39736842105263154,0.7000000000000001,0.08,15.746062695440294,31.560039290181972,-12.746653474712035,33.1521992718639
100.0,100.0,0.39736842105263154,0.7000000000000001,0.1,16.415500921319378,31.090804210050802,-13.651414926739829,33.78738559615683
100.0,100.0,0.39736842105263154,0.9166666666666667,0.0,15.086768696104613,37.51095657039588,-8.130365227937478,38.91856434761872
100.0,100.0,0.39736842105263154,0.9166666666666667,0.02,15.87519358205715,37.12554728352478,-8.917765292194543,39.91790660635679
100.0,100.0,0.39736842105263154,0.9166666666666667,0.04,16.683233929498776,36.65887268631428,-9.72951622028629,40.879600586600674
100.0,100.0,0.39736842105263154,0.9166666666666667,0.06,17.510106833837526,36.11410552640339,-10.563647667752695,41.800685834374256
100.0,100.0,0.39736842105263154,0.9166666666666667,0.08,18.3549722531629,35.494914611745585,-11.418056800211229,42.67841224408291
100.0,100.0,0.39736842105263154,0.9166666666666667,0.1,19.2169373982505,34.805423679410474,-12.29052428168914,43.51025799104103
100.0,100.0,0.39736842105263154,1.1333333333333335,0.0,16.7514956845735,41.53115307544424,-7.28080973033136,47.17415244540836
100.0,100.0,0.39736842105263154,1.1333333333333335,0.02,17.70778411182095,41.00422032684589,-8.04334299499088,48.44487918849231
100.0,100.0,0.39736842105263154,1.1333333333333335,0.04,18.688881982746544,40.367910915588446,-8.829386515473368,49.65428850023707
100.0,100.0,0.39736842105263154,1.1333333333333335,0.06,19.693515786844756,39.62754228607585,-9.63638020002104,50.79773231916679
100.0,100.0,0.39736842105263154,1.1333333333333335,0.08,20.7203232628641,38.789229088444124,-10.461605758504234,51.870989599285956
100.0,100.0,0.39736842105263154,1.1333333333333335,0.1,21.767862278932235,37.85979914585,-11.302212565353274,52.87029936755623
100.0,100.0,0.39736842105263154,1.35,0.0,18.256881306145402,45.13409933047287,-6.6425428839194955,55.17660511835185
100.0,100.0,0.39736842105263154,1.35,0.02,19.37589679317113,44.45280739838713,-7.382427731772037,56.710324713266736
100.0,100.0,0.39736842105263154,1.35,0.04,20.524685759082566,43.63232800135831,-8.144567505214646,58.15278724161585
100.0,100.0,0.39736842105263154,1.35,0.06,21.70135551042391,42.6807807128808,-8.92580650360794,59.49735932141994
100.0,100.0,0.39736842105263154,1.35,0.08,22.903888198897945,41.60745023772187,-9.722812512821939,60.73816862268598
100.0,100.0,0.39736842105263154,1.35,0.1,24.130156590321874,40.422635731852665,-10.532114917916491,61.87015671411277
100.0,100.0,0.39736842105263154,1.5666666666666667,0.0,19.639646252389433,48.413773708402026,-6.139820685863974,62.9489437689616
100.0,100.0,0.39736842105263154,1.5666666666666667,0.02,20.916675729328375,47.56671870922817,-6.858783153060639,64.73354928623338
100.0,100.0,0.39736842105263154,1.5666666666666667,0.04,22.228137830379602,46.549375642441916,-7.598458280327501,66.39063389587332
100.0,100.0,0.39736842105263154,1.5666666666666667,0.06,23.571391713147584,45.37335948306619,-8.355096607198629,67.91135405763539
100.0,100.0,0.39736842105263154,1.5666666666666667,0.08,24.943631900859756,44.051877290695614,-9.124762218217667,69.28810433546266
100.0,100.0,0.39736842105263154,1.5666666666666667,0.1,26.341913840113463,42.599481650613534,-9.903385348807756,70.51459332549727
100.0,100.0,0.39736842105263154,1.7833333333333334,0.0,20.924157313852312,51.43273702062829,-5.7302090187763435,70.50929306181501
100.0,100.0,0.39736842105263154,1.7833333333333334,0.02,22.354823936891798,50.40965648177212,-6.429646963590945,72.53004753767586
100.0,100.0,0.39736842105263154,1.7833333333333334,0.04,23.824224854360317,49.18423035078096,-7.148051341600977,74.3807062066426
100.0,100.0,0.39736842105263154,1.7833333333333334,0.06,25.328843150855448,47.772290194734,-7.881086422536734,76.05007263026219
100.0,100.0,0.39736842105263154,1.7833333333333334,0.08,26.86495661101126,46.19173593853138,-8.624229099993201,77.52883300667568
100.0,100.0,0.39736842105263154,1.7833333333333334,0.1,28.428676433850725,44.46215885467643,-9.372838059768934,78.80965609584241
100.0,100.0,0.39736842105263154,2.0,0.0,22.127572143430683,54.235182829679204,-5.387837241632604,77.87242785656932
100.0,100.0,0.39736842105263154,2.0,0.02,23.707775445807954,53.02675541495155,-6.068916385428413,80.11268672325693
100.0,100.0,0.39736842105263154,2.0,0.04,25.330619588198267,51.58324645396837,-6.7670688343056975,82.13402676300784
100.0,100.0,0.39736842105263154,2.0,0.06,26.991585761108055,49.92544674114284,-7.477384315639497,83.92284433902341
100.0,100.0,0.39736842105263154,2.0,0.08,28.68591000557616,48.07672979089511,-8.194773686078058,85.46825336206396
100.0,100.0,0.39736842105263154,2.0,0.1,30.408638878609523,46.062504694873944,-8.91405652731095,86.76220674456158
100.0,100.0,0.42631578947368415,0.05,0.0,3.801561943817646,8.910493336491703,-37.98684001346462,2.4049609514045587
100.0,100.0,0.42631578947368415,0.05,0.02,3.8498460264318055,8.90554918794824,-38.93513924631784,2.4234422968725697
100.0,100.0,0.42631578947368415,0.05,0.04,3.8984994276302203,8.89962837637697,-39.89403491954089,2.4418924332067307
100.0,100.0,0.42631578947368415,0.05,0.06,3.9475215006550854,8.892732853704707,-40.86349519589717,2.4603091040335543
100.0,100.0,0.42631578947368415,0.05,0.08,3.996911553691973,8.884864892100696,-41.84348600472815,2.478690060186795
100.0,100.0,0.42631578947368415,0.05,0.1,4.046668850021355,8.876027082728795,-42.833971052532554,2.4970330604496334
100.0,100.0,0.42631578947368415,0.26666666666666666,0.0,8.76495211603143,20.476861903182115,-16.36801790287255,12.16467305119581
100.0,100.0,0.42631578947368415,0.26666666666666666,0.02,9.010152715185633,20.41633760210448,-17.246270135754006,12.35509140165917
100.0,100.0,0.42631578947368415,0.26666666666666666,0.04,9.25914349426909,20.34404871962087,-18.143404955724286,12.543668150708571
100.0,100.0,0.42631578947368415,0.26666666666666666,0.06,9.511886255179142,20.260121588985523,-19.059078335797274,12.730267075422342
100.0,100.0,0.42631578947368415,0.26666666666666666,0.08,9.768340099219074,20.164702504529455,-19.992922065608532,12.91475437877561
100.0,100.0,0.42631578947368415,0.26666666666666666,0.1,10.028461477962402,20.05795729674688,-20.944544409058672,13.096998923195997
100.0,100.0,0.42631578947368415,0.48333333333333334,0.0,11.780876469912364,27.43245634106559,-12.09816132645905,21.319621519771182
100.0,100.0,0.42631578947368415,0.48333333333333334,0.02,12.211404380670366,27.285669475788634,-12.932679044333598,21.731950474174404
100.0,100.0,0.42631578947368415,0.48333333333333334,0.04,12.650103837434088,27.110813284792716,-13.788312776836374,22.13668227702223
100.0,100.0,0.42631578947368415,0.48333333333333334,0.06,13.096817324872909,26.908438267322143,-14.664293404215368,22.53326267197936
100.0,100.0,0.42631578947368415,0.48333333333333334,0.08,13.551376426724246,26.679178566180138,-15.559800051991665,22.921156108175825
100.0,100.0,0.42631578947368415,0.48333333333333334,0.1,14.013602216763829,26.423748657491398,-16.47396284688785,23.29984741109471
100.0,100.0,0.42631578947368415,0.7000000000000001,0.0,14.154457490803615,32.85130532240496,-10.003592974115795,30.04593987821874
100.0,100.0,0.42631578947368415,0.7000000000000001,0.02,14.761901039548391,32.597029695251614,-10.803177676906962,30.69550746603575
100.0,100.0,0.42631578947368415,0.7000000000000001,0.04,15.382157057820969,32.29492969006282,-11.624282736910569,31.326967310731753
100.0,100.0,0.42631578947368415,0.7000000000000001,0.06,16.014850425538476,31.946374344743205,-12.465662718450659,31.939033385248948
100.0,100.0,0.42631578947368415,0.7000000000000001,0.08,16.65958095086348,31.552932410018826,-13.325993548225979,32.530485480808736
100.0,100.0,0.42631578947368415,0.7000000000000001,0.1,17.315924741432326,31.116360591011112,-14.203879110101873,33.10017461618945
100.0,100.0,0.42631578947368415,0.9166666666666667,0.0,16.17114758000627,37.408614005922445,-8.69884517075517,38.42155735916379
100.0,100.0,0.42631578947368415,0.9166666666666667,0.02,16.948515507902854,37.02989627234418,-9.468448213621887,39.30980653751044
100.0,100.0,0.42631578947368415,0.9166666666666667,0.04,17.743314609400926,36.58113650694592,-10.259049905556402,40.164275879793486
100.0,100.0,0.42631578947368415,0.9166666666666667,0.06,18.55484586931953,36.06498147742556,-11.068903091851343,40.98264959020824
100.0,100.0,0.42631578947368415,0.9166666666666667,0.08,19.38236556362532,35.484448006236526,-11.896158776350763,41.76277473433191
100.0,100.0,0.42631578947368415,0.9166666666666667,0.1,20.22508864107934,34.842893615752594,-12.738878392370047,42.50267343332299
100.0,100.0,0.42631578947368415,1.1333333333333335,0.0,17.95170886178441,41.39110465518632,-7.784859466881016,46.494031644988844
100.0,100.0,0.42631578947368415,1.1333333333333335,0.02,18.89288485108799,40.87364559605107,-8.52779575586388,47.61474722525107
100.0,100.0,0.42631578947368415,1.1333333333333335,0.04,19.855933211729734,40.26210311811822,-9.290656607484614,48.68064208700432
100.0,100.0,0.42631578947368415,1.1333333333333335,0.06,20.83972096850355,39.560909064825005,-10.071182534631692,49.68811304081392
100.0,100.0,0.42631578947368415,1.1333333333333335,0.08,21.843046338605866,38.77508802875534,-10.866994459766879,50.63388652446561
100.0,100.0,0.42631578947368415,1.1333333333333335,0.1,22.86464555252045,37.91019743520701,-11.67561349106596,51.51504082194666
100.0,100.0,0.42631578947368415,1.35,0.0,19.560800522674214,44.95286311989934,-7.097820492615683,54.29645964719491
100.0,100.0,0.42631578947368415,1.35,0.02,20.660282582420507,44.28424001300948,-7.816524680131618,55.63864734917803
100.0,100.0,0.42631578947368415,1.35,0.04,21.785804186616623,43.49613431036873,-8.553722345247287,56.89951868236792
100.0,100.0,0.42631578947368415,1.35,0.06,22.935687140949113,42.59530705498381,-9.306640631734956,58.07398125554142
100.0,100.0,0.42631578947368415,1.35,0.08,24.108157196003468,41.58938253735228,-10.072375925373805,59.15752842734304
100.0,100.0,0.42631578947368415,1.35,0.1,25.301356125367498,40.4867409618719,-10.847922889467357,60.146274325924495
100.0,100.0,0.42631578947368415,1.5666666666666667,0.0,21.037868990321662,48.1882398033596,-6.556406647377592,61.8536692909147
100.0,100.0,0.42631578947368415,1.5666666666666667,0.02,22.290619920421825,47.35745781909906,-7.252773871300352,63.40315281146313
100.0,100.0,0.42631578947368415,1.5666666666666667,0.04,23.57323976227699,46.380799385092686,-7.965962647446335,64.8393648631937
100.0,100.0,0.42631578947368415,1.5666666666666667,0.06,24.883394377542842,45.26792713755683,-8.692692338052169,66.15558803121145
100.0,100.0,0.42631578947368415,1.5666666666666667,0.08,26.21862468659561,44.029678777008456,-9.42954768319073,67.34605503690337
100.0,100.0,0.42631578947368415,1.5666666666666667,0.1,27.576366189566926,42.677891609326814,-10.173018729773,68.40599816059792
100.0,100.0,0.42631578947368415,1.7833333333333334,0.0,22.409096249277553,51.16009150726099,-6.115052747793614,69.18522251106084
100.0,100.0,0.42631578947368415,1.7833333333333334,0.02,23.810448082226713,50.15729548530399,-6.7906183652691485,70.92562866944354
100.0,100.0,0.42631578947368415,1.7833333333333334,0.04,25.24511687382548,48.98152954808635,-7.481167730815228,72.51540167899948
100.0,100.0,0.42631578947368415,1.7833333333333334,0.06,26.710003570810493,47.6459518786853,-8.182922779202128,73.94613601750586
100.0,100.0,0.42631578947368415,1.7833333333333334,0.08,28.20185528879285,46.165240900421054,-8.891974709675281,75.21086673210014
100.0,100.0,0.42631578947368415,1.7833333333333334,0.1,29.71729480007891,44.555327251797664,-9.604336291351483,76.3041329660591
100.0,100.0,0.42631578947368415,2.0,0.0,23.692922715363167,53.912855446326674,-5.745975383095342,76.30707728463683
100.0,100.0,0.42631578947368415,2.0,0.02,25.238511089825778,52.72913088076078,-6.402020144018912,78.22048790957254
100.0,100.0,0.42631578947368415,2.0,0.04,26.820453086048886,51.34489003340968,-7.07109617561986,79.94059215558619
100.0,100.0,0.42631578947368415,2.0,0.06,28.434778407717467,49.777396670202855,-7.748941852478574,81.45731042093361
100.0,100.0,0.42631578947368415,2.0,0.08,30.077335743424115,48.045804234877394,-8.431176702001629,82.7626365294793
100.0,100.0,0.42631578947368415,2.0,0.1,31.743835048039195,46.17076726711155,-9.1133673964661,83.8507124389
100.0,100.0,0.45526315789473676,0.05,0.0,4.059476933609169,8.909072260074542,-40.559723710339355,2.398513076659771
100.0,100.0,0.45526315789473676,0.05,0.02,4.10761880921963,8.904189221989288,-41.50376097186645,2.4156698372880747
100.0,100.0,0.45526315789473676,0.05,0.04,4.156103535041666,8.898450162565588,-42.45760344517525,2.432797789237278
100.0,100.0,0.45526315789473676,0.05,0.06,4.204930516404858,8.891856740710107,-43.42122189372039,2.449895083739619
100.0,100.0,0.45526315789473676,0.05,0.08,4.254099121720159,8.884410861405945,-44.394585252439725,2.466959877787521
100.0,100.0,0.45526315789473676,0.05,0.1,4.303608682600384,8.876114674795351,-45.37766063616567,2.4839903346671
100.0,100.0,0.45526315789473676,0.26666666666666666,0.0,9.357454100525906,20.459450741709336,-17.464564037742015,12.085672786596547
100.0,100.0,0.45526315789473676,0.26666666666666666,0.02,9.600914438540165,20.399714954332193,-18.333079169796882,12.260089340747733
100.0,100.0,0.45526315789473676,0.26666666666666666,0.04,9.84784643413289,20.32968841083536,-19.21871951427317,12.432819950159406
100.0,100.0,0.45526315789473676,0.26666666666666666,0.06,10.098215258794127,20.249478371247697,-20.121172395653222,12.603753961108211
100.0,100.0,0.45526315789473676,0.26666666666666666,0.08,10.351983889972779,20.15920738873714,-21.040105576250305,12.772782651346528
100.0,100.0,0.45526315789473676,0.26666666666666666,0.1,10.609113151379873,20.059012997594486,-21.975167776651112,12.939799396720778
100.0,100.0,0.45526315789473676,0.48333333333333334,0.0,12.574368731706727,27.390193664095946,-12.899737306411792,21.127860889837542
100.0,100.0,0.45526315789473676,0.48333333333333334,0.02,13.000677472572917,27.24541711896372,-13.721286790142553,21.501898201643144
100.0,100.0,0.45526315789473676,0.48333333333333334,0.04,13.434398539491127,27.076137812060832,-14.561678728853522,21.869017924747965
100.0,100.0,0.45526315789473676,0.48333333333333334,0.06,13.87538909307493,26.882822656897133,-15.420218871987249,22.22877366959312
100.0,100.0,0.45526315789473676,0.48333333333333334,0.08,14.32349751253146,26.666002450020112,-16.29617162667842,22.580733887276217
100.0,100.0,0.45526315789473676,0.48333333333333334,0.1,14.778563704398884,26.426269443030396,-17.188762229282364,22.92448305147541
100.0,100.0,0.45526315789473676,0.7000000000000001,0.0,15.104367006646676,32.77803194760106,-10.659021667171018,29.713471547673667
100.0,100.0,0.45526315789473676,0.7000000000000001,0.02,15.704504217660912,32.52740835857637,-11.443167661019162,30.297601949242324
100.0,100.0,0.45526315789473676,0.7000000000000001,0.04,16.316161643816635,32.235124216952514,-12.24620705182614,30.865317830221105
100.0,100.0,0.45526315789473676,0.7000000000000001,0.06,16.939000644903935,31.902339507569508,-13.067022096230355,31.415592552303185
100.0,100.0,0.45526315789473676,0.7000000000000001,0.08,17.572662561796932,31.530366237749508,-13.904433104409541,31.947451519987062
100.0,100.0,0.45526315789473676,0.7000000000000001,0.1,18.216769795732745,31.12065982263076,-14.75720361470819,32.45997596986365
100.0,100.0,0.45526315789473676,0.9166666666666667,0.0,17.252464133118927,37.29938736847255,-9.262383753223565,37.92595393898716
100.0,100.0,0.45526315789473676,0.9166666666666667,0.02,18.01895364015862,36.92636141817839,-10.014509895184192,38.71807247588562
100.0,100.0,0.45526315789473676,0.9166666666666667,0.04,18.800983671906344,36.492451002226815,-10.78475114075526,39.47969094323221
100.0,100.0,0.45526315789473676,0.9166666666666667,0.06,19.597925705385506,35.99989642688267,-11.571547565066544,40.20897781752175
100.0,100.0,0.45526315789473676,0.9166666666666667,0.08,20.409115855747025,35.4512186792619,-12.373260302964496,40.904229926857866
100.0,100.0,0.45526315789473676,0.9166666666666667,0.1,21.23385752945549,34.84919794588944,-13.188181137932023,41.56388089632154
100.0,100.0,0.45526315789473676,1.1333333333333335,0.0,19.147732859700433,41.24173575371731,-8.283460083660712,45.816284712836435
100.0,100.0,0.45526315789473676,1.1333333333333335,0.02,20.074050127968405,40.73239833109649,-9.007173138079336,46.80747050346338
100.0,100.0,0.45526315789473676,1.1333333333333335,0.04,21.019702836587506,40.14145693083093,-9.747738297160458,47.74933785922561
100.0,100.0,0.45526315789473676,1.1333333333333335,0.06,21.983675986979257,39.47265893745853,-10.503147893230874,48.63906555239478
100.0,100.0,0.45526315789473676,1.1333333333333335,0.08,22.96490071804137,38.730199597395284,-11.271303345046864,49.47409129689117
100.0,100.0,0.45526315789473676,1.1333333333333335,0.1,23.96225964097023,37.9186782247948,-12.05003054871715,50.2521269263887
100.0,100.0,0.45526315789473676,1.35,0.0,20.85930034611998,44.75969446679255,-7.54719994420576,53.419972266369015
100.0,100.0,0.45526315789473676,1.35,0.02,21.939589441830513,44.10201064945415,-8.245150430311465,54.59713810157889
100.0,100.0,0.45526315789473676,1.35,0.04,23.04269973342209,43.34092441799272,-8.958384421722684,55.70139777548471
100.0,100.0,0.45526315789473676,1.35,0.06,24.167132917993058,42.48214670908516,-9.684449321698658,56.728807530506415
100.0,100.0,0.45526315789473676,1.35,0.08,25.311316360667483,41.53203798864521,-10.420795531078518,57.675882283732584
100.0,100.0,0.45526315789473676,1.35,0.1,26.4736125120506,40.4975298938127,-11.164798953668539,58.53961914255693
100.0,100.0,0.45526315789473676,1.5666666666666667,0.0,22.42934998076263,47.94801755556377,-6.966691240576034,60.7636758484026
100.0,100.0,0.45526315789473676,1.5666666666666667,0.02,23.658261090093426,47.1313806125396,-7.64094330517002,62.11102956489606
100.0,100.0,0.45526315789473676,1.5666666666666667,0.04,24.913116149613693,46.1887887435968,-8.328710485775964,63.35715457527422
100.0,100.0,0.45526315789473676,1.5666666666666667,0.06,26.19183798739448,45.12839530723489,-9.027103767135221,64.49691148941598
100.0,100.0,0.45526315789473676,1.5666666666666667,0.08,27.492253998049087,43.95923381422938,-9.733137452241712,65.52590257578044
100.0,100.0,0.45526315789473676,1.5666666666666667,0.1,28.8121113168259,42.69108999186052,-10.443759985169983,66.44050421601568
100.0,100.0,0.45526315789473676,1.7833333333333334,0.0,23.88588787963897,50.86988345895253,-6.493229098671017,67.86841664065525
100.0,100.0,0.45526315789473676,1.7833333333333334,0.02,25.258473427525303,49.88482789668355,-7.145455670160213,69.36835694062886
100.0,100.0,0.45526315789473676,1.7833333333333334,0.04,26.65972724016696,48.75077469407438,-7.809296986964145,70.73409520582912
100.0,100.0,0.45526315789473676,1.7833333333333334,0.06,28.086900015721184,47.478815127265946,-8.48144014638803,71.95928789592631
100.0,100.0,0.45526315789473676,1.7833333333333334,0.08,29.53712670967414,46.081173545212756,-9.158482590957814,73.03871241704529
100.0,100.0,0.45526315789473676,1.7833333333333334,0.1,31.00744938620622,44.57101218247912,-9.83697231920424,73.96830757534116
100.0,100.0,0.45526315789473676,2.0,0.0,25.248644583589524,53.569994505670934,-6.097111216763861,74.75135541641048
100.0,100.0,0.45526315789473676,2.0,0.02,26.76028785641482,52.40799764869417,-6.7287082330493,76.38506059281889
100.0,100.0,0.45526315789473676,2.0,0.04,28.302901954866883,51.07369063586907,-7.369933605497316,77.84705922205839
100.0,100.0,0.45526315789473676,2.0,0.06,29.872975231921288,49.58161007893034,-8.017065971337667,79.12986256092779
100.0,100.0,0.45526315789473676,2.0,0.08,31.466862251056305,47.94769336115757,-8.666308181132669,80.22759019475988
100.0,100.0,0.45526315789473676,2.0,0.1,33.080816451691554,46.18899601390279,-9.313837820365348,81.136015480923
100.0,100.0,0.4842105263157894,0.05,0.0,4.317349439729213,8.90755810868756,-43.13133399996081,2.3920662640067696
100.0,100.0,0.4842105263157894,0.05,0.02,4.365350719497037,8.902725722603572,-44.07115803157287,2.408057384257363
100.0,100.0,0.4842105263157894,0.05,0.04,4.41367155683816,8.897136978088842,-45.02009120100073,2.424021765450037
100.0,100.0,0.4842105263157894,0.05,0.06,4.462311401632974,8.890793303079693,-45.97810649587622,2.4399578744875603
100.0,100.0,0.4842105263157894,0.05,0.08,4.511269673146053,8.883696317673126,-46.94517538882309,2.455864182951029
100.0,100.0,0.4842105263157894,0.05,0.1,4.560545760123638,8.87584783343723,-47.921267844257315,2.4717391674911497
100.0,100.0,0.4842105263157894,0.26666666666666666,0.0,9.949435756827825,20.440912455089432,-18.55819683422593,12.006741899089624
100.0,100.0,0.4842105263157894,0.26666666666666666,0.02,10.191176755264692,20.381839119516865,-19.417097485041324,12.16710695025912
100.0,100.0,0.4842105263157894,0.26666666666666666,0.04,10.436109688572088,20.313692758533918,-20.29158275771942,12.325920109459235
100.0,100.0,0.4842105263157894,0.26666666666666666,0.06,10.684202607229139,20.236565595811257,-21.181366749396165,12.48309045866266
100.0,100.0,0.4842105263157894,0.26666666666666666,0.08,10.935421758773153,20.150561758016487,-22.086147557168772,12.638528642179335
100.0,100.0,0.4842105263157894,0.26666666666666666,0.1,11.189731620263544,20.055797040563846,-23.005607696740856,12.792146987838578
100.0,100.0,0.4842105263157894,0.48333333333333334,0.0,13.36659843461976,27.345227189814537,-13.697427775660273,20.936405378300226
100.0,100.0,0.4842105263157894,0.48333333333333334,0.02,13.788741648102935,27.20215985262839,-14.506187372350704,21.276891352622936
100.0,100.0,0.4842105263157894,0.48333333333333334,0.04,14.217631866226924,27.037536940017336,-15.331803659699567,21.611044321264853
100.0,100.0,0.4842105263157894,0.48333333333333334,0.06,14.653138775412842,26.85175946258456,-16.173646225651563,21.938500857612176
100.0,100.0,0.4842105263157894,0.48333333333333334,0.08,15.09512491168497,26.645277977569936,-17.03105130250495,22.25890949419873
100.0,100.0,0.4842105263157894,0.48333333333333334,0.1,15.543445908443317,26.41859076842842,-17.903323505532253,22.571931574228312
100.0,100.0,0.4842105263157894,0.7000000000000001,0.0,16.05208832821352,32.70012646598319,-11.309818176204711,29.381769085125264
100.0,100.0,0.4842105263157894,0.7000000000000001,0.02,16.645017146095874,32.452641050869474,-12.078755731790757,29.908690523203962
100.0,100.0,0.4842105263157894,0.7000000000000001,0.04,17.24833620977862,32.16858890345274,-12.864301108599186,30.420652353271812
100.0,100.0,0.4842105263157894,0.7000000000000001,0.06,17.86173798099646,31.848965163122838,-13.665445276681465,30.916826692542504
100.0,100.0,0.4842105263157894,0.7000000000000001,0.08,18.484898777007807,31.494882430858457,-14.48112999232807,31.396427444746347
100.0,100.0,0.4842105263157894,0.7000000000000001,0.1,19.11747963370138,31.107564318948494,-15.310251922395596,31.858713000367562
100.0,100.0,0.4842105263157894,0.9166666666666667,0.0,18.33051996770577,37.183338642710645,-9.820671258744628,37.43184501480153
100.0,100.0,0.4842105263157894,0.9166666666666667,0.02,19.086284400293437,36.8152502809573,-10.555601540409912,38.14011106070804
100.0,100.0,0.4842105263157894,0.9166666666666667,0.04,19.855939821269594,36.39384565342499,-11.306148282010078,38.820691981474454
100.0,100.0,0.4842105263157894,0.9166666666666667,0.06,20.638917743040054,35.92104452656537,-12.07091071536918,39.47212585129757
100.0,100.0,0.4842105263157894,0.9166666666666667,0.08,21.434621455945354,35.39898265748963,-12.848426494816543,40.09305343877356
100.0,100.0,0.4842105263157894,0.9166666666666667,0.1,22.242428142744323,34.829995731659686,-13.637179305920437,40.682224146919175
100.0,100.0,0.4842105263157894,1.1333333333333335,0.0,20.339299371314453,41.08315079575489,-8.77627679537798,45.14106368958849
100.0,100.0,0.4842105263157894,1.1333333333333335,0.02,21.250977632380035,40.58091923765455,-9.48109820203609,46.01952488763057
100.0,100.0,0.4842105263157894,1.1333333333333335,0.04,22.179782981129463,40.00739730873221,-10.2001207431324,46.85338471309155
100.0,100.0,0.4842105263157894,1.1333333333333335,0.06,23.124800786114037,39.3657925766457,-10.93155047976495,47.640416209095065
100.0,100.0,0.4842105263157894,1.1333333333333335,0.08,24.08507392241532,38.659655737014106,-11.673524149795382,48.378598882891914
100.0,100.0,0.4842105263157894,1.1333333333333335,0.1,25.059607008926342,37.89284791285506,-12.42412132661417,49.06612921085538
100.0,100.0,0.4842105263157894,1.35,0.0,22.152037660987475,44.554753655684856,-7.9903261916627795,52.547374578833455
100.0,100.0,0.4842105263157894,1.35,0.02,23.213430839429975,43.906714965775016,-8.667905279191523,53.58126728604612
100.0,100.0,0.4842105263157894,1.35,0.04,24.294850245918255,43.168562885342936,-9.358010739704913,54.54945552743882
100.0,100.0,0.4842105263157894,1.35,0.06,25.394950451194532,42.345180097897675,-10.058461365189391,55.44886453226197
100.0,100.0,0.4842105263157894,1.35,0.08,26.51232814566135,41.441944546825695,-10.767004155785092,56.27678400032199
100.0,100.0,0.4842105263157894,1.35,0.1,27.645529594368014,40.464671009271065,-11.48133202056383,57.03088404463968
100.0,100.0,0.4842105263157894,1.5666666666666667,0.0,23.81366733896442,47.693337449258934,-7.370302987679431,59.6792939178112
100.0,100.0,0.4842105263157894,1.5666666666666667,0.02,25.019124031035084,46.88925947617432,-8.02287325632815,60.851579841138744
100.0,100.0,0.4842105263157894,1.5666666666666667,0.04,26.247124219005755,45.9756890568953,-8.686132208671554,61.93293739000651
100.0,100.0,0.4842105263157894,1.5666666666666667,0.06,27.495808864507012,44.95958906452153,-9.357522163017116,62.91941522427815
100.0,100.0,0.4842105263157894,1.5666666666666667,0.08,28.763245734402616,43.848589976192365,-10.034416827170844,63.80764934098726
100.0,100.0,0.4842105263157894,1.5666666666666667,0.1,30.04744137288342,42.6508946177394,-10.714145433414762,64.59488447002363
100.0,100.0,0.4842105263157894,1.7833333333333334,0.0,25.354028343896722,50.56242868001624,-6.864353327931372,66.5593247266921
100.0,100.0,0.4842105263157894,1.7833333333333334,0.02,26.698332474445344,49.593224609984745,-7.493725693255032,67.8515062294603
100.0,100.0,0.4842105263157894,1.7833333333333334,0.04,28.067287306862326,48.49483071112239,-8.131847481345128,69.02352309879097
100.0,100.0,0.4842105263157894,1.7833333333333334,0.06,29.458440108993663,47.27670785528289,-8.775798707748947,70.07057609350198
100.0,100.0,0.4842105263157894,1.7833333333333334,0.08,30.869250958609292,45.94917141965222,-9.422599790347483,70.98875067930291
100.0,100.0,0.4842105263157894,1.7833333333333334,0.1,32.297110712909856,44.52324617209004,-10.069242893986193,71.77504263137787
100.0,100.0,0.4842105263157894,2.0,0.0,26.794149334684604,53.207016918520935,-6.440849416452532,73.2058506653154
100.0,100.0,0.4842105263157894,2.0,0.02,28.272443038051357,52.06454690544686,-7.048535438398293,74.5985023528411
100.0,100.0,0.4842105263157894,2.0,0.04,29.77706732403707,50.773069599165325,-7.6629712695181755,75.83787905990825
100.0,100.0,0.4842105263157894,2.0,0.06,31.30489902352219,49.34497032622649,-8.280891157293611,76.91842147062762
100.0,100.0,0.4842105263157894,2.0,0.08,32.85271637177718,47.79368406449657,-8.898984643200144,77.83583535850084
100.0,100.0,0.4842105263157894,2.0,0.1,34.41722461005136,46.13348563658991,-9.513935765089162,78.58711849740769
100.0,100.0,0.513157894736842,0.05,0.0,4.575176768583312,8.905950929866139,-45.70159029799729,2.3856205807854174
100.0,100.0,0.513157894736842,0.05,0.02,4.623038795959069,8.901161039304512,-46.63724183969806,2.4005781081675353
100.0,100.0,0.513157894736842,0.05,0.04,4.671199726673748,8.89569807067277,-47.581385501792596,2.415510700227927
100.0,100.0,0.513157894736842,0.05,0.06,4.719659049166012,8.889563266602734,-48.533996196707854,2.430417072091357
100.0,100.0,0.513157894736842,0.05,0.08,4.768416226215017,8.88275802193753,-49.495047568319364,2.4452959427354903
100.0,100.0,0.513157894736842,0.05,0.1,4.817470695020461,8.875283883203055,-50.46451199752906,2.460146035283006
100.0,100.0,0.513157894736842,0.26666666666666666,0.0,10.540864501927594,20.421250134834423,-19.648735738286412,11.92788473307632
100.0,100.0,0.513157894736842,0.26666666666666666,0.02,10.780903863434382,20.362741458844983,-20.498126776620694,12.075818569321621
100.0,100.0,0.513157894736842,0.26666666666666666,0.04,11.023887676417615,20.29617744153795,-21.361741993740182,12.22231720278868
100.0,100.0,0.513157894736842,0.26666666666666666,0.06,11.269786480203003,20.221638241828966,-22.23931861801989,12.367305177530316
100.0,100.0,0.513157894736842,0.26666666666666666,0.08,11.51856931765716,20.13921341278305,-23.130580664166846,12.510708318724555
100.0,100.0,0.513157894736842,0.26666666666666666,0.1,11.770203761710597,20.049001722329145,-24.035239274756098,12.652453822320865
100.0,100.0,0.513157894736842,0.48333333333333334,0.0,14.15748750483938,27.29757045502819,-14.490997020137469,20.74527385299715
100.0,100.0,0.513157894736842,0.48333333333333334,0.02,14.57551116345688,27.155979967327223,-15.287122110410362,21.05614659617969
100.0,100.0,0.513157894736842,0.48333333333333334,0.04,14.999694534907597,26.995297115900257,-16.098357312312807,21.361194576393274
100.0,100.0,0.513157894736842,0.48333333333333334,0.06,15.429918121385484,26.815870027982346,-16.924127278639617,21.660119113239684
100.0,100.0,0.513157894736842,0.48333333333333334,0.08,15.866056548084721,26.618085782041923,-17.76382951948003,21.952631293708738
100.0,100.0,0.513157894736842,0.48333333333333334,0.1,16.307978764835312,26.40236901660834,-18.616835813526556,22.2384525955719
100.0,100.0,0.513157894736842,0.7000000000000001,0.0,16.9974878531268,32.617622706445346,-11.955707570971507,29.050879251405618
100.0,100.0,0.513157894736842,0.7000000000000001,0.02,17.583293164654066,32.37288099230525,-12.709640384078055,29.52742702828965
100.0,100.0,0.513157894736842,0.7000000000000001,0.04,18.178493618892254,32.09583000182422,-13.478179170478006,29.990278563768985
100.0,100.0,0.513157894736842,0.7000000000000001,0.06,18.782808501984242,31.78733258563955,-14.26040851639336,30.43876045003413
100.0,100.0,0.513157894736842,0.7000000000000001,0.08,19.395943968503474,31.44834355024613,-15.055373638207076,30.87223327677911
100.0,100.0,0.513157894736842,0.7000000000000001,0.1,20.017593741201033,31.079904736227927,-15.862083714182912,31.290093583958743
100.0,100.0,0.513157894736842,0.9166666666666667,0.0,19.405118544554625,37.06053355016564,-10.373402931505693,36.93932066707913
100.0,100.0,0.513157894736842,0.9166666666666667,0.02,20.150292129494026,36.69680677357507,-11.091389136654675,37.57393274269418
100.0,100.0,0.513157894736842,0.9166666666666667,0.04,20.90790754486337,36.28608918608905,-11.822813027533218,38.18330102721858
100.0,100.0,0.513157894736842,0.9166666666666667,0.06,21.677448020587477,35.83004330606538,-12.566410659253389,38.766249589118
100.0,100.0,0.513157894736842,0.9166666666666667,0.08,22.458374092883325,35.330499975662164,-13.320869839338727,39.32168573714679
100.0,100.0,0.513157894736842,0.9166666666666667,0.1,23.25012531224668,34.789446123882875,-14.084836245009342,39.848604252623005
100.0,100.0,0.513157894736842,1.1333333333333335,0.0,21.526143201927255,40.91546036790933,-9.262981546140463,44.46851885224123
100.0,100.0,0.513157894736842,1.1333333333333335,0.02,22.42337647845445,40.419562794605525,-9.949211574742117,45.2482121554694
100.0,100.0,0.513157894736842,1.1333333333333335,0.04,23.335801550036216,39.860994364759314,-10.6473419787508,45.98739001872665
100.0,100.0,0.513157894736842,1.1333333333333335,0.06,24.262590144034668,39.24252940081709,-11.355762243447112,46.684283169512746
100.0,100.0,0.513157894736842,1.1333333333333335,0.08,25.202880256451515,38.56720830984062,-12.072808973780425,47.33728907342029
100.0,100.0,0.513157894736842,1.1333333333333335,0.1,26.1557795622534,37.838312710301004,-12.796775623556325,47.9449792795766
100.0,100.0,0.513157894736842,1.35,0.0,23.438674126066573,44.3382102237943,-8.42685282031178,51.67889496490506
100.0,100.0,0.513157894736842,1.35,0.02,24.481435775958786,43.69883807641787,-9.084409883791535,52.58757341240995
100.0,100.0,0.513157894736842,1.35,0.04,25.541780506340864,42.98045754869069,-9.752112345040121,53.43677776370009
100.0,100.0,0.513157894736842,1.35,0.06,26.61849426799934,42.18728657080035,-10.428011502341832,54.2240991249266
100.0,100.0,0.513157894736842,1.35,0.08,27.71031774627719,41.32392505749527,-11.110105883296402,54.94742187583111
100.0,100.0,0.513157894736842,1.35,0.1,28.81595233965158,40.39531053877318,-11.796355341394012,55.604934542230076
100.0,100.0,0.513157894736842,1.5666666666666667,0.0,25.190406041294644,47.424442977866924,-7.766881058805192,58.600848600985856
100.0,100.0,0.513157894736842,1.5666666666666667,0.02,26.372753783834938,46.63173042896717,-8.398168693209616,59.62053226313515
100.0,100.0,0.513157894736842,1.5666666666666667,0.04,27.57468037499971,45.74328027498342,-9.037717149996952,60.558187488199756
100.0,100.0,0.513157894736842,1.5666666666666667,0.06,28.794514016033844,44.765099902335265,-9.683252113760204,61.41076832957107
100.0,100.0,0.513157894736842,1.5666666666666667,0.08,30.030526670734908,43.70370854299431,-10.33245160416751,62.17569973922519
100.0,100.0,0.513157894736842,1.5666666666666667,0.1,31.28094363232286,42.56606505547737,-10.982965104533214,62.850891648852546
100.0,100.0,0.513157894736842,1.7833333333333334,0.0,26.81302317624366,50.238060393421556,-7.228053450602952,65.2583876678494
100.0,100.0,0.513157894736842,1.7833333333333334,0.02,28.129483297129646,49.2832929889895,-7.835021234497206,66.3699548444471
100.0,100.0,0.513157894736842,1.7833333333333334,0.04,29.467100878452854,48.2158824850616,-8.448291149942992,67.37347107354363
100.0,100.0,0.513157894736842,1.7833333333333334,0.06,30.823677447588715,47.04398119797146,-9.06527865256358,68.26530702127354
100.0,100.0,0.513157894736842,1.7833333333333334,0.08,32.19694897944997,45.776392252026646,-9.683361727523112,69.04254011334099
100.0,100.0,0.513157894736842,1.7833333333333334,0.1,33.58460020466957,44.422459742993325,-10.299905611428448,69.70297046674112
100.0,100.0,0.513157894736842,2.0,0.0,28.32886095083191,52.824362053684595,-6.776809605571377,71.67113904916809
100.0,100.0,0.513157894736842,2.0,0.02,29.77434543584816,51.69977793133994,-7.36108535727667,72.85480568745089
100.0,100.0,0.513157894736842,2.0,0.04,31.242137031043754,50.445648239592224,-7.949667320627919,73.90108291559062
100.0,100.0,0.513157894736842,2.0,0.06,32.729445218212305,49.07263173450212,-8.539678006192915,74.80586362248505
100.0,100.0,0.513157894736842,2.0,0.08,34.23340737083538,47.59218067983511,-9.128217718255648,75.56604768389377
100.0,100.0,0.513157894736842,2.0,0.1,35.75110906634588,46.01638231611705,-9.712395320898125,76.17955705424119
100.0,100.0,0.5421052631578946,0.05,0.0,4.83295622799524,8.904250774060275,-48.270412090958324,2.379176094300119
100.0,100.0,0.5421052631578946,0.05,0.02,4.880680136184829,8.899496926845535,-49.20192560459433,2.3932109239739923
100.0,100.0,0.5421052631578946,0.05,0.04,4.928684509296218,8.894140302546859,-50.141380616794976,2.4072224050511934
100.0,100.0,0.5421052631578946,0.05,0.06,4.976968869481922,8.88818199282739,-51.08875372276147,2.4212094504932797
100.0,100.0,0.5421052631578946,0.05,0.08,5.025532717185435,8.881623211456015,-52.044020445514185,2.4351709764736857
100.0,100.0,0.5421052631578946,0.05,0.1,5.0743755312077,8.874465293895295,-53.00715524052567,2.449105902599276
100.0,100.0,0.5421052631578946,0.26666666666666666,0.0,11.131707844992242,20.40046705785159,-20.736001055513622,11.849105620667702
100.0,100.0,0.5421052631578946,0.26666666666666666,0.02,11.37006075899815,20.342446177744243,-21.57597355843139,11.985968984218047
100.0,100.0,0.5421052631578946,0.26666666666666666,0.04,11.611137719566692,20.277229109731646,-22.42896111672309,12.121499661770628
100.0,100.0,0.5421052631578946,0.26666666666666666,0.06,11.854911439452025,20.20488618270718,-23.294721145909904,12.255634472223566
100.0,100.0,0.5421052631578946,0.26666666666666666,0.08,12.101353378303713,20.125495231860935,-24.17300005586898,12.388311297578301
100.0,100.0,0.5421052631578946,0.26666666666666666,0.1,12.350433764604865,20.039141459130207,-25.06353353289836,12.519469150261996
100.0,100.0,0.5421052631578946,0.48333333333333334,0.0,14.946958271910773,27.247237790082202,-15.280211392260254,20.55448508428823
100.0,100.0,0.5421052631578946,0.48333333333333334,0.02,15.360902394320554,27.10694268149001,-16.063839687364947,20.839051717441784
100.0,100.0,0.5421052631578946,0.48333333333333334,0.04,15.780484480046177,26.949634782501814,-16.861032431701755,21.11823951918001
100.0,100.0,0.5421052631578946,0.48333333333333334,0.06,16.20559446444104,26.775619129880194,-17.671262248741574,21.391800993035503
100.0,100.0,0.5421052631578946,0.48333333333333334,0.08,16.636117412848314,26.585231751532127,-18.493979512703884,21.659496713557154
100.0,100.0,0.5421052631578946,0.48333333333333334,0.1,17.07193368668935,26.378838585483287,-19.328613507946486,21.921095789159462
100.0,100.0,0.5421052631578946,0.7000000000000001,0.0,17.940432986368066,32.530556435247355,-12.596418469287507,28.720848454771176
100.0,100.0,0.5421052631578946,0.7000000000000001,0.02,18.519189600064358,32.28825228296114,-13.335529989626359,29.152762117844073
100.0,100.0,0.5421052631578946,0.7000000000000001,0.04,19.106459537073555,32.01723314888909,-14.08748394761748,29.572086561228602
100.0,100.0,0.5421052631578946,0.7000000000000001,0.06,19.70198544923784,31.7182540877403,-14.851446337648131,29.97826994636634
100.0,100.0,0.5421052631578946,0.7000000000000001,0.08,20.305499228939937,31.39214298119884,-15.626551484402686,30.370788414066922
100.0,100.0,0.5421052631578946,0.7000000000000001,0.1,20.916722583190875,31.03979671992522,-16.411904765840525,30.74914751477061
100.0,100.0,0.5421052631578946,0.9166666666666667,0.0,20.476065280260833,36.931041487209,-10.920279253155579,36.448470079880444
100.0,100.0,0.5421052631578946,0.9166666666666667,0.02,21.210767570704157,36.571232060534406,-11.621551091793387,37.017990535919225
100.0,100.0,0.5421052631578946,0.9166666666666667,0.04,21.956630837945113,36.16977159645933,-12.334350456518042,37.564403591127714
100.0,100.0,0.5421052631578946,0.9166666666666667,0.06,22.713183303555276,35.72811298975316,-13.057532165907842,38.086757303215954
100.0,100.0,0.5421052631578946,0.9166666666666667,0.08,23.47993482722309,35.247841776212,-13.78991313616157,38.584167965343575
100.0,100.0,0.5421052631578946,0.9166666666666667,0.1,24.25637830256968,34.73066665644865,-14.530277355412192,39.055823154062345
100.0,100.0,0.5421052631578946,1.1333333333333335,0.0,22.708002445674488,40.73878109019053,-9.743253372189528,43.7987986141178
100.0,100.0,0.5421052631578946,1.1333333333333335,0.02,23.590965152530664,40.248625852283745,-10.411168889269698,44.49143932371821
100.0,100.0,0.5421052631578946,1.1333333333333335,0.04,24.48741369223572,39.70307518191102,-11.088978023302532,45.147135414394064
100.0,100.0,0.5421052631578946,1.1333333333333335,0.06,25.396594823528154,39.104550363321735,-11.775229178213994,45.764474210322604
100.0,100.0,0.5421052631578946,1.1333333333333335,0.08,26.31772840376067,38.455681208214166,-12.46843052264203,46.34217918766811
100.0,100.0,0.5421052631578946,1.1333333333333335,0.1,27.250010165224296,37.75928682807481,-13.167057861386908,46.87911514944539
100.0,100.0,0.5421052631578946,1.35,0.0,24.718876438919835,44.11024272735742,-8.856442496915815,50.81475840372911
100.0,100.0,0.5421052631578946,1.35,0.02,25.74324615944564,43.478791550630106,-9.494302532823134,51.613377582022174
100.0,100.0,0.5421052631578946,1.35,0.04,26.7830512482143,42.77770364367628,-10.140242635531921,52.35796031113281
100.0,100.0,0.5421052631578946,1.35,0.06,27.83719165582076,42.01065526031308,-10.79251516889388,53.04661358904888
100.0,100.0,0.5421052631578946,1.35,0.08,28.904531844413256,41.181620199419854,-11.449334196527307,53.67768296967978
100.0,100.0,0.5421052631578946,1.35,0.1,29.983905636282707,40.294835567857376,-12.108886828840408,54.24975999225846
100.0,100.0,0.5421052631578946,1.5666666666666667,0.0,26.559158296250573,47.14159025616791,-8.156075805798366,57.52865933460372
100.0,100.0,0.5421052631578946,1.5666666666666667,0.02,27.718712404141648,46.359339138237296,-8.766454875497981,58.41458833000327
100.0,100.0,0.5421052631578946,1.5666666666666667,0.04,28.895246605349705,45.492955588777235,-9.38300117328513,59.22624602094472
100.0,100.0,0.5421052631578946,1.5666666666666667,0.06,30.08725135953754,44.54766844316987,-10.00368496591988,59.9612836285588
100.0,100.0,0.5421052631578946,1.5666666666666667,0.08,31.293173948312813,43.529102551949755,-10.626444582681145,60.61773394864093
100.0,100.0,0.5421052631578946,1.5666666666666667,0.1,32.51142620442174,42.443223155778696,-11.24920173372791,61.19402053774061
100.0,100.0,0.5421052631578946,1.7833333333333334,0.0,28.262387801691013,49.89712863922504,-7.583970855642169,63.966037543492185
100.0,100.0,0.5421052631578946,1.7833333333333334,0.02,29.551405671794207,48.95573245010046,-8.168958071078103,64.91975576406779
100.0,100.0,0.5421052631578946,1.7833333333333334,0.04,30.858527862266328,47.91564992578744,-8.758150478491695,65.77596701108106
100.0,100.0,0.5421052631578946,1.7833333333333334,0.06,32.18177594865313,46.78396720535409,-9.349252504121775,66.53193676060178
100.0,100.0,0.5421052631578946,1.7833333333333334,0.08,33.519122500176536,45.56827015137762,-9.939947450719618,67.18550099273358
100.0,100.0,0.5421052631578946,1.7833333333333334,0.1,34.868502595480706,44.27655990868364,-10.527917191409065,67.73507577501216
100.0,100.0,0.5421052631578946,2.0,0.0,29.852216447200192,52.4224908522093,-7.104627049707312,70.14778355279981
100.0,100.0,0.5421052631578946,2.0,0.02,31.265390824139736,51.31456374158603,-7.66596726889628,71.14934986550175
100.0,100.0,0.5421052631578946,2.0,0.04,32.697366391514564,50.09350104452635,-8.229534343543577,72.02733509913855
100.0,100.0,0.5421052631578946,2.0,0.06,34.14564014341513,48.76855486001504,-8.792784606269889,72.77873465717404
100.0,100.0,0.5421052631578946,2.0,0.08,35.60765705899062,47.34958135496987,-9.353168462113667,73.40135367251615
100.0,100.0,0.5421052631578946,2.0,0.1,37.08082638789072,45.846919119015475,-9.908154765806746,73.89381454617198
100.0,100.0,0.5710526315789474,0.05,0.0,5.090685127291266,8.902457694631932,-50.83771894039814,2.372732871817718
100.0,100.0,0.5710526315789474,0.05,0.02,5.138271882157149,8.897734722199202,-51.76512389615072,2.385939035296075
100.0,100.0,0.5710526315789474,0.05,0.04,5.1861225424266095,8.892468857606527,-52.69997602960767,2.399123257384046
100.0,100.0,0.5710526315789474,0.05,0.06,5.23423665999298,8.88666106785588,-53.642253420251706,2.4122846106324367
100.0,100.0,0.5710526315789474,0.05,0.08,5.282613768227385,8.88031241902261,-54.59193323373801,2.4254221702983223
100.0,100.0,0.5710526315789474,0.05,0.1,5.331253382034568,8.87342407592931,-55.548991725785164,2.4385350145154665
100.0,100.0,0.5710526315789474,0.26666666666666666,0.0,11.721933392719023,20.37856668553329,-21.819814000464103,11.770408880970798
100.0,100.0,0.5710526315789474,0.26666666666666666,0.02,11.958613062226384,20.32097249829779,-22.650448208322953,11.897355576063356
100.0,100.0,0.5710526315789474,0.26666666666666666,0.04,12.197819336285797,20.256914026664308,-23.493016674029914,12.023060377760093
100.0,100.0,0.5710526315789474,0.26666666666666666,0.06,12.439526842374136,20.186453481972602,-24.347294585437,12.147469964777274
100.0,100.0,0.5710526315789474,0.26666666666666666,0.08,12.683709150370603,20.10965914000633,-25.2130478947895,12.270531907280121
100.0,100.0,0.5710526315789474,0.26666666666666666,0.1,12.930338790900315,20.026605230747226,-26.090033554191393,12.39219471812246
100.0,100.0,0.5710526315789474,0.48333333333333334,0.0,15.734933491604146,27.19424431167898,-16.06483942550183,20.364057739529
100.0,100.0,0.5710526315789474,0.48333333333333334,0.02,16.14483342331897,27.055101421646896,-16.83609491828677,20.62512224692743
100.0,100.0,0.5710526315789474,0.48333333333333334,0.04,16.55990515041784,26.900717301501412,-17.61953957686329,20.88120230730182
100.0,100.0,0.5710526315789474,0.48333333333333334,0.06,16.98004690733996,26.731361402973242,-18.414688176266,21.132091351678017
100.0,100.0,0.5710526315789474,0.48333333333333334,0.08,17.405152863929224,26.547328100558243,-19.2210371390144,21.377589548960803
100.0,100.0,0.5710526315789474,0.48333333333333334,0.1,17.835113263700862,26.348935839058242,-20.03806549755882,21.617504153872375
100.0,100.0,0.5710526315789474,0.7000000000000001,0.0,18.880792195988853,32.438965330176636,-13.231683226782573,28.391722731403902
100.0,100.0,0.5710526315789474,0.7000000000000001,0.02,19.452567064712014,32.198859065018176,-13.95614137340307,28.78386799615062
100.0,100.0,0.5710526315789474,0.7000000000000001,0.04,20.032069500705994,31.933099542101626,-14.691880475935223,29.164401728996246
100.0,100.0,0.5710526315789474,0.7000000000000001,0.06,20.619062684470798,31.642352794975604,-15.438137922998692,29.532868827315763
100.0,100.0,0.5710526315789474,0.7000000000000001,0.08,21.213300925202645,31.32734313021348,-16.194125518882707,29.888837447192024
100.0,100.0,0.5710526315789474,0.7000000000000001,0.1,21.814530136706395,30.988850122285275,-16.95903173174194,30.23190006251063
100.0,100.0,0.5710526315789474,0.9166666666666667,0.0,21.543167652666348,36.794935459709556,-11.461006212569819,35.95938149252793
100.0,100.0,0.5710526315789474,0.9166666666666667,0.02,22.267506842465146,36.43869822043439,-12.145776664883241,36.47106772156109
100.0,100.0,0.5710526315789474,0.9166666666666667,0.04,23.00186886112956,36.04535792288406,-12.840392156403954,36.96153069174057
100.0,100.0,0.5710526315789474,0.9166666666666667,0.06,23.74582140489194,35.616194350543026,-13.54381145555277,37.42999575951597
100.0,100.0,0.5710526315789474,0.9166666666666667,0.08,24.498917238070888,35.15259283763963,-14.254963532639465,37.875744769260294
100.0,100.0,0.5710526315789474,0.9166666666666667,0.1,25.260695345436694,34.65603682462155,-14.972751644875757,38.298118267375855
100.0,100.0,0.5710526315789474,1.1333333333333335,0.0,23.884618658237756,40.55323548087765,-10.216778753115847,43.13204942699862
100.0,100.0,0.5710526315789474,1.1333333333333335,0.02,24.75347013391618,40.06836631375555,-10.86663909875239,43.74756493248504
100.0,100.0,0.5710526315789474,1.1333333333333335,0.04,25.634295899096102,39.53429712595437,-11.524635378146254,44.32928057164067
100.0,100.0,0.5710526315789474,1.1333333333333335,0.06,26.526408452581606,38.95315766653551,-12.189454814472409,44.87606432516148
100.0,100.0,0.5710526315789474,1.1333333333333335,0.08,27.429098768638127,38.32724261702534,-12.859754199578813,45.386896425593
100.0,100.0,0.5710526315789474,1.1333333333333335,0.1,28.34163857979665,37.65899651533559,-13.534166323586405,45.86087302045529
100.0,100.0,0.5710526315789474,1.35,0.0,25.992316593436556,43.87103849634468,-9.278767401273681,49.95518629943032
100.0,100.0,0.5710526315789474,1.35,0.02,26.99851504981047,43.2469375578513,-9.897237363004258,50.656584499252475
100.0,100.0,0.5710526315789474,1.35,0.04,28.018251568390717,42.56117832065762,-10.521989312750403,51.30872826642142
100.0,100.0,0.5710526315789474,1.35,0.06,29.050525844030005,41.816989754825684,-11.151450895020924,51.910128102945094
100.0,100.0,0.5710526315789474,1.35,0.08,30.094309730846092,41.01783458244173,-11.784022534446343,52.45949039394895
100.0,100.0,0.5710526315789474,1.35,0.1,31.148551212860134,40.16738248579614,-12.418086654228313,52.955722471322204
100.0,100.0,0.5710526315789474,1.5666666666666667,0.0,27.919523903976497,46.84504761395563,-8.537549271188443,56.46303960855174
100.0,100.0,0.5710526315789474,1.5666666666666667,0.02,29.056576811390073,46.07257091653895,-9.127375485214058,57.23117470433671
100.0,100.0,0.5710526315789474,1.5666666666666667,0.04,30.208321096388893,45.22583858973879,-9.721558144901541,57.93185056653898
100.0,100.0,0.5710526315789474,1.5666666666666667,0.06,31.37338898830955,44.3094366416098,-10.318280296432956,58.563259979316804
100.0,100.0,0.5710526315789474,1.5666666666666667,0.08,32.550379680755164,43.32825983099117,-10.915704907304782,59.12390777915257
100.0,100.0,0.5710526315789474,1.5666666666666667,0.1,33.73786563573482,42.28746822626486,-11.511987242757003,59.61261673609471
100.0,100.0,0.5710526315789474,1.7833333333333334,0.0,29.701648013837506,49.53999964544378,-7.931760887649753,62.68269718766157
100.0,100.0,0.5710526315789474,1.7833333333333334,0.02,30.96359851203428,48.61117064990802,-8.495173011163217,63.49783706797201
100.0,100.0,0.5710526315789474,1.7833333333333334,0.04,32.24097298918829,47.59552903497229,-9.060989548281631,64.22471602572536
100.0,100.0,0.5710526315789474,1.7833333333333334,0.06,33.53198501227591,46.49928072040601,-9.627165798080654,64.86128937143005
100.0,100.0,0.5710526315789474,1.7833333333333334,0.08,34.83481188858975,45.32901787383769,-10.19164802167457,65.40597708476135
100.0,100.0,0.5710526315789474,1.7833333333333334,0.1,36.14760402028372,44.09165310023134,-10.752389264364988,65.85766921340982
100.0,100.0,0.5710526315789474,2.0,0.0,31.36366648311128,52.001884902791275,-7.423953305201122,68.63633351688871
100.0,100.0,0.5710526315789474,2.0,0.02,32.744998956143036,50.90969376233922,-7.962814115294944,69.47854663294112
100.0,100.0,0.5710526315789474,2.0,0.04,34.142064937390835,49.718321763336206,-8.502130014119189,70.2092696979346
100.0,100.0,0.5710526315789474,2.0,0.06,35.552611918815394,48.435859838805975,-9.039646532855423,70.82634089735411
100.0,100.0,0.5710526315789474,2.0,0.08,36.97435071419498,47.07086118628232,-9.573114997584709,71.32825524515616
100.0,100.0,0.5710526315789474,2.0,0.1,38.40496863423893,45.63224666032967,-10.100312000820146,71.7141673151985
100.0,100.0,0.6,0.05,0.0,5.348360777384514,8.900571747852265,-53.40343048711359,2.3662909805653873
100.0,100.0,0.6,0.05,0.02,5.395811209997909,8.89587546328056,-54.32675233965366,2.378748899925734
100.0,100.0,0.6,0.05,0.04,5.443510595484717,8.890687715833758,-55.25707520287045,2.391186134834873
100.0,100.0,0.6,0.05,0.06,5.491458512179037,8.885009368347239,-56.19437847565828,2.403601887979042
100.0,100.0,0.6,0.05,0.08,5.539654522491489,8.878841364868306,-57.13864077216411,2.415995364346419
100.0,100.0,0.6,0.05,0.1,5.58809817295662,8.872184730394611,-58.08983992508747,2.428365771359899
100.0,100.0,0.6,0.26666666666666666,0.0,12.311508854662115,20.355552662796175,-22.8999967456457,11.691798819378386
100.0,100.0,0.6,0.26666666666666666,0.02,12.546526895905451,20.29833611636656,-23.721364303457776,11.809815633938541
100.0,100.0,0.6,0.26666666666666666,0.04,12.78389374042952,20.23528386946776,-24.55369508321843,11.926671533781294
100.0,100.0,0.6,0.26666666666666666,0.06,13.023585715540733,20.166451350135954,-25.39678003921394,12.042321201382162
100.0,100.0,0.6,0.26666666666666666,0.08,13.265578249672892,20.09189893483046,-26.250402323783906,12.156720073665454
100.0,100.0,0.6,0.26666666666666666,0.1,13.50984588787253,20.01169186018317,-27.114337485758732,12.269824381473772
100.0,100.0,0.6,0.48333333333333334,0.0,16.521336368569145,27.138605915311867,-16.84465194743495,20.17401037759579
100.0,100.0,0.6,0.48333333333333334,0.02,16.92722375321707,27.000501362509297,-17.603647906398628,20.4139706336607
100.0,100.0,0.6,0.48333333333333334,0.04,17.33786430464611,26.84867699804001,-18.373603461897908,20.649297679299657
100.0,100.0,0.6,0.48333333333333334,0.06,17.75316361434325,26.68337253716453,-19.154070706734878,20.87981800731943
100.0,100.0,0.6,0.48333333333333334,0.08,18.1730238599596,26.504847930548696,-19.944586514660326,21.105363786515188
100.0,100.0,0.6,0.48333333333333334,0.1,18.597343921497007,26.31338268323068,-20.74467334671734,21.32577312610845
100.0,100.0,0.6,0.7000000000000001,0.0,19.81843506805413,32.34288895337743,-13.86123812287604,28.06354772618106
100.0,100.0,0.6,0.7000000000000001,0.02,20.38328897350128,32.10479166103016,-14.57119885226843,28.42008491394267
100.0,100.0,0.6,0.7000000000000001,0.04,20.955166846472544,31.84367022626784,-15.291051811411297,28.765880002688917
100.0,100.0,0.6,0.7000000000000001,0.06,21.53385003949252,31.560116293650385,-16.020097465089005,29.100555624453143
100.0,100.0,0.6,0.7000000000000001,0.08,22.11911255141264,31.254768564084614,-16.757615546593406,29.42375391737501
100.0,100.0,0.6,0.7000000000000001,0.1,22.71072142556119,30.928310398858045,-17.50286693055759,29.73513731732901
100.0,100.0,0.6,0.9166666666666667,0.0,22.60623530436024,36.652292014451234,-11.995295568365858,35.472142152168225
100.0,100.0,0.6,0.9166666666666667,0.02,23.32031073789466,36.299357390123035,-12.663764920393737,35.9321979995341
100.0,100.0,0.6,0.9166666666666667,0.04,24.043392879337446,35.91322434852548,-13.340591398796308,36.37270360847426
100.0,100.0,0.6,0.9166666666666667,0.06,24.77508431693898,35.49502802203295,-14.024825417879304,36.79302599632464
100.0,100.0,0.6,0.9166666666666667,0.08,25.514975448108352,35.04598826616525,-14.715493993928224,37.19257934897451
100.0,100.0,0.6,0.9166666666666667,0.1,26.262645439327926,34.56740373632336,-15.411604128989119,37.570826640096875
100.0,100.0,0.6,1.1333333333333335,0.0,25.05573702555037,40.35895181497092,-10.683251951021715,42.468415685521464
100.0,100.0,0.6,1.1333333333333335,0.02,25.910624959982847,39.87901562235752,-11.315303365729747,43.015289722656206
100.0,100.0,0.6,1.1333333333333335,0.04,26.77614184985425,39.3551970699012,-11.953945768350467,43.531152079004265
100.0,100.0,0.6,1.1333333333333335,0.06,27.65165821669199,38.78938231846145,-12.597988509161512,44.015093580743574
100.0,100.0,0.6,1.1333333333333335,0.08,28.536527327104594,38.183589033524996,-13.246218159598545,44.46629838526067
100.0,100.0,0.6,1.1333333333333335,0.1,29.430087086236703,37.53995441500489,-13.89740380800363,44.88404657902649
100.0,100.0,0.6,1.35,0.0,27.25867213012414,43.62079337803033,-9.693509639562294,49.100396312166204
100.0,100.0,0.6,1.35,0.02,28.246905477395543,43.00360498365284,-10.292883195182714,49.71554092004066
100.0,100.0,0.6,1.35,0.04,29.246993591650543,42.33160410355187,-10.896968748869112,50.28566449769359
100.0,100.0,0.6,1.35,0.06,30.258024072306256,41.60764602301919,-11.504347815589721,50.809595735672815
100.0,100.0,0.6,1.35,0.08,31.27906270774006,40.83477100606165,-12.113583215988353,51.286325497072276
100.0,100.0,0.6,1.35,0.1,32.30915675471429,40.01618306854971,-12.723226625624228,51.715010240278
100.0,100.0,0.6,1.5666666666666667,0.0,29.271110603761244,46.53509517206915,-8.910975671247282,55.40429669372035
100.0,100.0,0.6,1.5666666666666667,0.02,30.385937350012952,45.77187070869461,-9.480591416063975,56.06826696125896
100.0,100.0,0.6,1.5666666666666667,0.04,31.51343164058399,44.94286192584215,-10.052993970033581,56.67079938249917
100.0,100.0,0.6,1.5666666666666667,0.06,32.6523504596904,44.05211784680548,-10.626552757414384,57.210510542903755
100.0,100.0,0.6,1.5666666666666667,0.08,33.80142568810291,43.10392973996934,-11.199626083527374,57.68627427752607
100.0,100.0,0.6,1.5666666666666667,0.1,34.95936928768744,42.10279677595643,-11.770571210796572,58.097225307943695
100.0,100.0,0.6,1.7833333333333334,0.0,31.130340434047355,49.167055172953155,-8.271093393580905,61.408779779641115
100.0,100.0,0.6,1.7833333333333334,0.02,32.3655781629349,48.25018755024969,-8.81332263919933,62.10178874152823
100.0,100.0,0.6,1.7833333333333334,0.04,33.61387789625916,47.2566866001123,-9.35640777464132,62.71469711858333
100.0,100.0,0.6,1.7833333333333334,0.06,34.87362189580772,46.192023064413924,-9.898523352806482,63.245995441900845
100.0,100.0,0.6,1.7833333333333334,0.08,36.14316604118776,45.0619677552189,-10.437843801867883,63.6945556679007
100.0,100.0,0.6,1.7833333333333334,0.1,37.42084749004839,43.87253964375783,-10.972556229031447,64.05963381978731
100.0,100.0,0.6,2.0,0.0,32.86267594591274,51.56304548094816,-7.7344568221422225,67.13732405408726
100.0,100.0,0.6,2.0,0.02,34.21261158146497,50.48590214956581,-8.251281202571633,67.83958801367635
100.0,100.0,0.6,2.0,0.04,35.575587113007224,49.3215348782035,-8.767050565995747,68.44101671326125
100.0,100.0,0.6,2.0,0.06,36.949569800505515,48.077064941965396,-9.279762618404483,68.94009590365582
100.0,100.0,0.6,2.0,0.08,38.332501983630024,46.75996860916897,-9.787429218166707,69.33584816978404
100.0,100.0,0.6,2.0,0.1,39.72231182378603,45.37800268563648,-10.288092034846452,69.62783264001962
